Time,Open,High,Low,Close,Vol
20251216T093100,44.000,44.000,44.000,44.000,41632
20251216T093200,44.000,44.000,44.000,44.000,18653
20251216T093300,44.000,44.000,44.000,44.000,20640
20251216T093400,44.000,44.000,44.000,44.000,11604
20251216T093500,44.000,44.000,44.000,44.000,16934
20251216T093600,44.000,44.000,44.000,44.000,12215
20251216T093700,44.000,44.000,44.000,44.000,5550
20251216T093800,44.000,44.000,43.000,43.000,9749
20251216T093900,43.000,43.000,43.000,43.000,12788
20251216T094000,43.000,43.000,43.000,43.000,33291
20251216T094100,43.000,44.000,43.000,44.000,31970
20251216T094200,44.000,44.000,44.000,44.000,4924
20251216T094300,44.000,44.000,44.000,44.000,15833
20251216T094400,44.000,44.000,44.000,44.000,6838
20251216T094500,44.000,44.000,44.000,44.000,9599
20251216T094600,44.000,44.000,43.000,44.000,5987
20251216T094700,44.000,44.000,43.000,43.000,20270
20251216T094800,43.000,43.000,43.000,43.000,28802
20251216T094900,43.000,43.000,43.000,43.000,7442
20251216T095000,43.000,43.000,43.000,43.000,3102
20251216T095100,43.000,43.000,43.000,43.000,13197
20251216T095200,43.000,43.000,43.000,43.000,12732
20251216T095300,43.000,43.000,43.000,43.000,4322
20251216T095400,43.000,43.000,43.000,43.000,29274
20251216T095500,43.000,43.000,43.000,43.000,19870
20251216T095600,43.000,43.000,43.000,43.000,6190
20251216T095700,43.000,43.000,43.000,43.000,8125
20251216T095800,43.000,43.000,43.000,43.000,20439
20251216T095900,43.000,43.000,43.000,43.000,30749
20251216T100000,43.000,43.000,43.000,43.000,15367
20251216T100100,43.000,43.000,43.000,43.000,3821
20251216T100200,43.000,43.000,43.000,43.000,3098
20251216T100300,43.000,43.000,43.000,43.000,6233
20251216T100400,43.000,43.000,43.000,43.000,3234
20251216T100500,43.000,43.000,43.000,43.000,5741
20251216T100600,43.000,43.000,43.000,43.000,27003
20251216T100700,43.000,43.000,43.000,43.000,15538
20251216T100800,43.000,43.000,43.000,43.000,4042
20251216T100900,43.000,43.000,43.000,43.000,4264
20251216T101000,43.000,43.000,43.000,43.000,14181
20251216T101100,43.000,43.000,43.000,43.000,10049
20251216T101200,43.000,43.000,43.000,43.000,3729
20251216T101300,43.000,43.000,43.000,43.000,1800
20251216T101400,43.000,43.000,43.000,43.000,1379
20251216T101500,43.000,43.000,43.000,43.000,7322
20251216T101600,43.000,43.000,43.000,43.000,5608
20251216T101700,43.000,43.000,43.000,43.000,4139
20251216T101800,43.000,43.000,43.000,43.000,4400
20251216T101900,43.000,43.000,43.000,43.000,4636
20251216T102000,43.000,43.000,43.000,43.000,7031
20251216T102100,43.000,43.000,43.000,43.000,6583
20251216T102200,43.000,43.000,43.000,43.000,5176
20251216T102300,43.000,43.000,43.000,43.000,3989
20251216T102400,43.000,43.000,43.000,43.000,6088
20251216T102500,43.000,43.000,43.000,43.000,14442
20251216T102600,43.000,43.000,43.000,43.000,8764
20251216T102700,43.000,43.000,43.000,43.000,10730
20251216T102800,43.000,43.000,43.000,43.000,27557
20251216T102900,43.000,43.000,43.000,43.000,9456
20251216T103000,43.000,43.000,43.000,43.000,4116
20251216T103100,43.000,43.000,43.000,43.000,8188
20251216T103200,43.000,43.000,43.000,43.000,5397
20251216T103300,43.000,43.000,43.000,43.000,20590
20251216T103400,43.000,43.000,43.000,43.000,7331
20251216T103500,43.000,43.000,43.000,43.000,6421
20251216T103600,43.000,43.000,43.000,43.000,6299
20251216T103700,43.000,43.000,43.000,43.000,11299
20251216T103800,43.000,43.000,43.000,43.000,5432
20251216T103900,43.000,43.000,43.000,43.000,5420
20251216T104000,43.000,43.000,43.000,43.000,3503
20251216T104100,43.000,43.000,43.000,43.000,14300
20251216T104200,43.000,43.000,43.000,43.000,3535
20251216T104300,43.000,43.000,43.000,43.000,10273
20251216T104400,43.000,43.000,43.000,43.000,8678
20251216T104500,43.000,43.000,43.000,43.000,24833
20251216T104600,43.000,43.000,43.000,43.000,1715
20251216T104700,43.000,43.000,43.000,43.000,3700
20251216T104800,43.000,43.000,43.000,43.000,355
20251216T104900,43.000,43.000,43.000,43.000,9551
20251216T105000,43.000,43.000,43.000,43.000,2077
20251216T105100,43.000,43.000,43.000,43.000,8336
20251216T105200,43.000,43.000,43.000,43.000,2511
20251216T105300,43.000,43.000,43.000,43.000,200
20251216T105400,43.000,43.000,43.000,43.000,400
20251216T105500,43.000,43.000,43.000,43.000,10745
20251216T105600,43.000,43.000,43.000,43.000,1691
20251216T105700,43.000,43.000,43.000,43.000,3470
20251216T105800,43.000,43.000,43.000,43.000,4260
20251216T105900,43.000,43.000,43.000,43.000,599
20251216T110000,43.000,43.000,43.000,43.000,16952
20251216T110100,43.000,43.000,43.000,43.000,4402
20251216T110200,43.000,43.000,43.000,43.000,11637
20251216T110300,43.000,43.000,43.000,43.000,640
20251216T110400,43.000,43.000,43.000,43.000,411
20251216T110500,43.000,43.000,43.000,43.000,3021
20251216T110600,43.000,43.000,43.000,43.000,903
20251216T110700,43.000,43.000,43.000,43.000,3771
20251216T110800,43.000,43.000,43.000,43.000,4775
20251216T110900,43.000,43.000,43.000,43.000,1500
20251216T111000,43.000,43.000,43.000,43.000,1014
20251216T111100,43.000,43.000,43.000,43.000,2461
20251216T111200,43.000,43.000,43.000,43.000,3422
20251216T111300,43.000,43.000,43.000,43.000,2544
20251216T111400,43.000,43.000,43.000,43.000,850
20251216T111500,43.000,43.000,43.000,43.000,5828
20251216T111600,43.000,43.000,43.000,43.000,8601
20251216T111700,43.000,43.000,43.000,43.000,1721
20251216T111800,43.000,43.000,43.000,43.000,2674
20251216T111900,43.000,43.000,43.000,43.000,1320
20251216T112000,43.000,43.000,43.000,43.000,1529
20251216T112100,43.000,43.000,43.000,43.000,978
20251216T112200,43.000,43.000,43.000,43.000,1807
20251216T112300,43.000,43.000,43.000,43.000,1809
20251216T112400,43.000,43.000,43.000,43.000,6829
20251216T112500,43.000,43.000,43.000,43.000,4629
20251216T112600,43.000,43.000,43.000,43.000,1800
20251216T112700,43.000,43.000,43.000,43.000,400
20251216T112800,43.000,43.000,43.000,43.000,812
20251216T112900,43.000,43.000,43.000,43.000,2576
20251216T113000,43.000,43.000,43.000,43.000,15747
20251216T130100,43.000,43.000,43.000,43.000,8988
20251216T130200,43.000,43.000,43.000,43.000,8221
20251216T130300,43.000,43.000,43.000,43.000,458
20251216T130400,43.000,43.000,43.000,43.000,7765
20251216T130500,43.000,43.000,43.000,43.000,11865
20251216T130600,43.000,43.000,43.000,43.000,2171
20251216T130700,43.000,43.000,43.000,43.000,2895
20251216T130800,43.000,43.000,43.000,43.000,4729
20251216T130900,43.000,43.000,43.000,43.000,1223
20251216T131000,43.000,43.000,43.000,43.000,2254
20251216T131100,43.000,43.000,43.000,43.000,1938
20251216T131200,43.000,43.000,43.000,43.000,3168
20251216T131300,43.000,43.000,43.000,43.000,1474
20251216T131400,43.000,43.000,43.000,43.000,1712
20251216T131500,43.000,43.000,43.000,43.000,1842
20251216T131600,43.000,43.000,43.000,43.000,7470
20251216T131700,43.000,43.000,43.000,43.000,1773
20251216T131800,43.000,43.000,43.000,43.000,8649
20251216T131900,43.000,43.000,43.000,43.000,4671
20251216T132000,43.000,43.000,43.000,43.000,1986
20251216T132100,43.000,43.000,43.000,43.000,2449
20251216T132200,43.000,43.000,43.000,43.000,2711
20251216T132300,43.000,43.000,43.000,43.000,3982
20251216T132400,43.000,43.000,43.000,43.000,8878
20251216T132500,43.000,43.000,43.000,43.000,7888
20251216T132600,43.000,43.000,43.000,43.000,21885
20251216T132700,43.000,43.000,43.000,43.000,5177
20251216T132800,43.000,43.000,43.000,43.000,839
20251216T132900,43.000,43.000,43.000,43.000,16574
20251216T133000,43.000,43.000,43.000,43.000,611
20251216T133100,43.000,43.000,43.000,43.000,3100
20251216T133200,43.000,43.000,43.000,43.000,22684
20251216T133300,43.000,43.000,43.000,43.000,16362
20251216T133400,43.000,43.000,43.000,43.000,1017
20251216T133500,43.000,43.000,43.000,43.000,33249
20251216T133600,43.000,43.000,43.000,43.000,951
20251216T133700,43.000,43.000,43.000,43.000,12173
20251216T133800,43.000,43.000,43.000,43.000,18753
20251216T133900,43.000,43.000,43.000,43.000,639
20251216T134000,43.000,43.000,43.000,43.000,3072
20251216T134100,43.000,43.000,43.000,43.000,1093
20251216T134200,43.000,43.000,43.000,43.000,3208
20251216T134300,43.000,43.000,43.000,43.000,26637
20251216T134400,43.000,43.000,43.000,43.000,13904
20251216T134500,43.000,43.000,43.000,43.000,1444
20251216T134600,43.000,43.000,43.000,43.000,5012
20251216T134700,43.000,43.000,43.000,43.000,8631
20251216T134800,43.000,43.000,43.000,43.000,1374
20251216T134900,43.000,43.000,43.000,43.000,2044
20251216T135000,43.000,43.000,43.000,43.000,2091
20251216T135100,43.000,43.000,43.000,43.000,12299
20251216T135200,43.000,43.000,43.000,43.000,5631
20251216T135300,43.000,43.000,43.000,43.000,3030
20251216T135400,43.000,43.000,43.000,43.000,2204
20251216T135500,43.000,43.000,43.000,43.000,2513
20251216T135600,43.000,43.000,43.000,43.000,1774
20251216T135700,43.000,43.000,43.000,43.000,3295
20251216T135800,43.000,43.000,43.000,43.000,4605
20251216T135900,43.000,43.000,43.000,43.000,5340
20251216T140000,43.000,43.000,43.000,43.000,3079
20251216T140100,43.000,43.000,43.000,43.000,3744
20251216T140200,43.000,43.000,43.000,43.000,4042
20251216T140300,43.000,43.000,43.000,43.000,3057
20251216T140400,43.000,43.000,43.000,43.000,2965
20251216T140500,43.000,43.000,43.000,43.000,2007
20251216T140600,43.000,43.000,43.000,43.000,1099
20251216T140700,43.000,43.000,43.000,43.000,1866
20251216T140800,43.000,43.000,43.000,43.000,3272
20251216T140900,43.000,43.000,43.000,43.000,2167
20251216T141100,43.000,43.000,43.000,43.000,43882
20251216T141200,43.000,43.000,43.000,43.000,2694
20251216T141300,43.000,43.000,43.000,43.000,1855
20251216T141400,43.000,43.000,43.000,43.000,2290
20251216T141500,43.000,43.000,43.000,43.000,4091
20251216T141600,43.000,43.000,43.000,43.000,1197
20251216T141700,43.000,43.000,43.000,43.000,3237
20251216T141800,43.000,43.000,43.000,43.000,2139
20251216T141900,43.000,43.000,43.000,43.000,613
20251216T142000,43.000,43.000,43.000,43.000,1604
20251216T142100,43.000,43.000,43.000,43.000,6275
20251216T142200,43.000,43.000,43.000,43.000,428
20251216T142300,43.000,43.000,43.000,43.000,3424
20251216T142400,43.000,43.000,43.000,43.000,910
20251216T142500,43.000,43.000,43.000,43.000,26975
20251216T142600,43.000,43.000,43.000,43.000,1152
20251216T142700,43.000,43.000,43.000,43.000,1963
20251216T142800,43.000,43.000,43.000,43.000,400
20251216T142900,43.000,43.000,43.000,43.000,2262
20251216T143000,43.000,43.000,43.000,43.000,1927
20251216T143100,43.000,43.000,43.000,43.000,7972
20251216T143200,43.000,43.000,43.000,43.000,3816
20251216T143300,43.000,43.000,43.000,43.000,4356
20251216T143400,43.000,43.000,43.000,43.000,6547
20251216T143500,43.000,43.000,43.000,43.000,11464
20251216T143600,43.000,43.000,43.000,43.000,11800
20251216T143700,43.000,43.000,43.000,43.000,3521
20251216T143800,43.000,43.000,43.000,43.000,5454
20251216T143900,43.000,43.000,43.000,43.000,8764
20251216T144000,43.000,43.000,43.000,43.000,1621
20251216T144100,43.000,43.000,43.000,43.000,1649
20251216T144200,43.000,43.000,43.000,43.000,7051
20251216T144300,43.000,43.000,43.000,43.000,9872
20251216T144400,43.000,43.000,43.000,43.000,5520
20251216T144500,43.000,43.000,43.000,43.000,2443
20251216T144600,43.000,43.000,43.000,43.000,7211
20251216T144700,43.000,43.000,43.000,43.000,3804
20251216T144800,43.000,43.000,43.000,43.000,6802
20251216T144900,43.000,43.000,43.000,43.000,10130
20251216T145000,43.000,43.000,43.000,43.000,15528
20251216T145100,43.000,43.000,43.000,43.000,3453
20251216T145200,43.000,43.000,43.000,43.000,6933
20251216T145300,43.000,43.000,43.000,43.000,6638
20251216T145400,43.000,43.000,43.000,43.000,59048
20251216T145500,43.000,43.000,43.000,43.000,6349
20251216T145600,43.000,43.000,43.000,43.000,4517
20251216T145700,43.000,43.000,43.000,43.000,12169
20251216T145800,43.000,43.000,43.000,43.000,800
20251216T150000,43.000,43.000,43.000,43.000,15107
20251217T093100,43.000,43.000,43.000,43.000,18997
20251217T093200,43.000,43.000,43.000,43.000,16319
20251217T093300,43.000,43.000,43.000,43.000,9560
20251217T093400,43.000,43.000,42.000,43.000,12432
20251217T093500,42.000,43.000,42.000,42.000,9271
20251217T093600,43.000,43.000,42.000,43.000,6111
20251217T093700,43.000,43.000,42.000,43.000,3942
20251217T093800,43.000,43.000,42.000,42.000,6409
20251217T093900,42.000,43.000,42.000,42.000,15653
20251217T094000,43.000,43.000,42.000,42.000,2626
20251217T094100,43.000,43.000,43.000,43.000,5811
20251217T094200,43.000,43.000,43.000,43.000,4339
20251217T094300,43.000,43.000,43.000,43.000,12126
20251217T094400,43.000,43.000,43.000,43.000,3876
20251217T094500,43.000,43.000,43.000,43.000,29740
20251217T094600,43.000,43.000,43.000,43.000,3629
20251217T094700,43.000,43.000,43.000,43.000,3336
20251217T094800,43.000,43.000,43.000,43.000,18146
20251217T094900,43.000,43.000,43.000,43.000,2681
20251217T095000,43.000,43.000,43.000,43.000,3146
20251217T095100,43.000,43.000,43.000,43.000,7598
20251217T095200,43.000,43.000,43.000,43.000,9472
20251217T095300,43.000,43.000,43.000,43.000,7516
20251217T095400,43.000,43.000,43.000,43.000,4889
20251217T095500,43.000,43.000,42.000,42.000,4559
20251217T095600,42.000,42.000,42.000,42.000,5302
20251217T095700,42.000,42.000,42.000,42.000,5118
20251217T095800,42.000,42.000,42.000,42.000,4012
20251217T095900,42.000,42.000,42.000,42.000,4447
20251217T100000,42.000,42.000,42.000,42.000,4815
20251217T100100,42.000,42.000,42.000,42.000,7586
20251217T100200,42.000,43.000,42.000,43.000,10579
20251217T100300,43.000,43.000,42.000,42.000,4707
20251217T100400,43.000,43.000,42.000,42.000,5133
20251217T100500,42.000,43.000,42.000,43.000,9645
20251217T100600,43.000,43.000,43.000,43.000,5445
20251217T100700,43.000,43.000,43.000,43.000,7746
20251217T100800,43.000,43.000,43.000,43.000,2486
20251217T100900,43.000,43.000,43.000,43.000,5229
20251217T101000,43.000,43.000,43.000,43.000,4955
20251217T101100,43.000,43.000,43.000,43.000,2442
20251217T101200,43.000,43.000,43.000,43.000,5300
20251217T101300,43.000,43.000,43.000,43.000,1200
20251217T101400,43.000,43.000,43.000,43.000,1578
20251217T101500,43.000,43.000,43.000,43.000,2265
20251217T101600,43.000,43.000,43.000,43.000,4462
20251217T101700,43.000,43.000,43.000,43.000,1494
20251217T101800,43.000,43.000,43.000,43.000,1000
20251217T101900,43.000,43.000,43.000,43.000,7808
20251217T102000,43.000,43.000,43.000,43.000,31749
20251217T102100,43.000,43.000,42.000,42.000,29934
20251217T102200,43.000,43.000,43.000,43.000,5400
20251217T102300,43.000,43.000,43.000,43.000,3564
20251217T102400,43.000,43.000,42.000,42.000,3461
20251217T102500,42.000,42.000,42.000,42.000,12191
20251217T102600,42.000,42.000,42.000,42.000,7038
20251217T102700,42.000,42.000,42.000,42.000,4079
20251217T102800,42.000,42.000,42.000,42.000,13348
20251217T102900,42.000,42.000,42.000,42.000,3331
20251217T103000,42.000,42.000,42.000,42.000,3642
20251217T103100,42.000,42.000,42.000,42.000,1608
20251217T103200,42.000,43.000,42.000,43.000,5928
20251217T103300,42.000,43.000,42.000,43.000,8617
20251217T103400,42.000,43.000,42.000,42.000,3376
20251217T103500,42.000,42.000,42.000,42.000,25462
20251217T103600,42.000,42.000,42.000,42.000,2508
20251217T103700,42.000,42.000,42.000,42.000,3865
20251217T103800,42.000,42.000,42.000,42.000,4680
20251217T103900,42.000,42.000,42.000,42.000,4421
20251217T104000,42.000,42.000,42.000,42.000,3122
20251217T104100,42.000,42.000,42.000,42.000,6072
20251217T104200,42.000,43.000,42.000,43.000,15846
20251217T104300,43.000,43.000,43.000,43.000,2516
20251217T104400,43.000,43.000,43.000,43.000,4482
20251217T104500,43.000,43.000,42.000,42.000,4450
20251217T104600,42.000,42.000,42.000,42.000,2141
20251217T104700,42.000,43.000,42.000,42.000,2731
20251217T104800,42.000,42.000,42.000,42.000,5216
20251217T104900,42.000,42.000,42.000,42.000,1800
20251217T105000,42.000,43.000,42.000,42.000,1660
20251217T105100,42.000,42.000,42.000,42.000,2745
20251217T105200,42.000,42.000,42.000,42.000,3090
20251217T105300,42.000,42.000,42.000,42.000,1115
20251217T105400,42.000,42.000,42.000,42.000,5314
20251217T105500,42.000,42.000,42.000,42.000,9296
20251217T105600,42.000,42.000,42.000,42.000,12561
20251217T105700,42.000,42.000,42.000,42.000,25518
20251217T105800,42.000,42.000,42.000,42.000,1820
20251217T105900,42.000,42.000,42.000,42.000,774
20251217T110000,42.000,42.000,42.000,42.000,3084
20251217T110100,42.000,42.000,42.000,42.000,14510
20251217T110200,42.000,43.000,42.000,43.000,3095
20251217T110300,42.000,42.000,42.000,42.000,844
20251217T110400,42.000,42.000,42.000,42.000,2447
20251217T110500,42.000,42.000,42.000,42.000,1057
20251217T110600,42.000,42.000,42.000,42.000,2419
20251217T110700,42.000,42.000,42.000,42.000,2301
20251217T110800,42.000,42.000,42.000,42.000,1715
20251217T110900,43.000,43.000,42.000,42.000,2746
20251217T111000,42.000,42.000,42.000,42.000,2710
20251217T111100,42.000,42.000,42.000,42.000,877
20251217T111200,42.000,42.000,42.000,42.000,1098
20251217T111300,42.000,42.000,42.000,42.000,762
20251217T111500,42.000,42.000,42.000,42.000,3916
20251217T111600,42.000,42.000,42.000,42.000,9206
20251217T111700,42.000,42.000,42.000,42.000,1437
20251217T111800,42.000,42.000,42.000,42.000,2390
20251217T111900,42.000,42.000,42.000,42.000,2521
20251217T112000,42.000,42.000,42.000,42.000,1602
20251217T112100,42.000,42.000,42.000,42.000,949
20251217T112200,42.000,42.000,42.000,42.000,4613
20251217T112300,42.000,42.000,42.000,42.000,5733
20251217T112400,42.000,42.000,42.000,42.000,844
20251217T112500,42.000,42.000,42.000,42.000,857
20251217T112600,42.000,42.000,42.000,42.000,1825
20251217T112700,42.000,42.000,42.000,42.000,1608
20251217T112800,42.000,42.000,42.000,42.000,5147
20251217T112900,42.000,42.000,42.000,42.000,5245
20251217T113000,42.000,42.000,42.000,42.000,2987
20251217T130100,42.000,42.000,42.000,42.000,8925
20251217T130200,42.000,42.000,42.000,42.000,1000
20251217T130300,42.000,42.000,42.000,42.000,4160
20251217T130400,42.000,42.000,42.000,42.000,1660
20251217T130600,42.000,42.000,42.000,42.000,3516
20251217T130700,42.000,42.000,42.000,42.000,1000
20251217T130800,42.000,42.000,42.000,42.000,2661
20251217T130900,42.000,42.000,42.000,42.000,6247
20251217T131000,42.000,42.000,42.000,42.000,6241
20251217T131100,42.000,42.000,42.000,42.000,5973
20251217T131200,42.000,42.000,42.000,42.000,7562
20251217T131300,42.000,42.000,42.000,42.000,1604
20251217T131400,42.000,42.000,42.000,42.000,4931
20251217T131500,42.000,42.000,42.000,42.000,5320
20251217T131600,42.000,42.000,42.000,42.000,5971
20251217T131700,42.000,42.000,42.000,42.000,22965
20251217T131800,42.000,42.000,42.000,42.000,26443
20251217T131900,42.000,42.000,42.000,42.000,7689
20251217T132000,42.000,42.000,42.000,42.000,7429
20251217T132100,42.000,42.000,42.000,42.000,19167
20251217T132200,42.000,42.000,42.000,42.000,11305
20251217T132300,42.000,42.000,42.000,42.000,2992
20251217T132400,42.000,42.000,42.000,42.000,48808
20251217T132500,42.000,42.000,42.000,42.000,2406
20251217T132600,42.000,42.000,42.000,42.000,1978
20251217T132700,42.000,42.000,42.000,42.000,2346
20251217T132800,42.000,42.000,42.000,42.000,11001
20251217T132900,42.000,42.000,42.000,42.000,600
20251217T133000,42.000,42.000,42.000,42.000,7229
20251217T133100,42.000,42.000,42.000,42.000,3931
20251217T133300,42.000,42.000,42.000,42.000,4676
20251217T133400,42.000,42.000,42.000,42.000,800
20251217T133500,42.000,42.000,42.000,42.000,4697
20251217T133600,42.000,42.000,42.000,42.000,5072
20251217T133700,42.000,42.000,42.000,42.000,4723
20251217T133800,42.000,42.000,42.000,42.000,2749
20251217T133900,42.000,42.000,42.000,42.000,4518
20251217T134000,42.000,42.000,42.000,42.000,10374
20251217T134100,42.000,42.000,42.000,42.000,7298
20251217T134200,42.000,42.000,42.000,42.000,2631
20251217T134300,42.000,42.000,42.000,42.000,869
20251217T134400,42.000,42.000,42.000,42.000,4868
20251217T134500,42.000,42.000,42.000,42.000,5456
20251217T134600,42.000,42.000,42.000,42.000,12624
20251217T134700,42.000,42.000,42.000,42.000,4062
20251217T134800,42.000,42.000,42.000,42.000,1783
20251217T134900,42.000,42.000,42.000,42.000,13551
20251217T135000,42.000,42.000,42.000,42.000,5044
20251217T135100,42.000,42.000,42.000,42.000,10847
20251217T135200,42.000,42.000,42.000,42.000,7386
20251217T135300,42.000,43.000,42.000,43.000,11296
20251217T135400,43.000,43.000,43.000,43.000,10979
20251217T135500,43.000,43.000,43.000,43.000,9067
20251217T135600,43.000,43.000,43.000,43.000,7164
20251217T135700,43.000,43.000,43.000,43.000,2409
20251217T135800,43.000,43.000,43.000,43.000,7431
20251217T135900,43.000,43.000,43.000,43.000,5050
20251217T140000,43.000,43.000,43.000,43.000,10520
20251217T140100,43.000,43.000,43.000,43.000,19628
20251217T140200,43.000,43.000,43.000,43.000,12352
20251217T140300,43.000,43.000,43.000,43.000,8543
20251217T140400,43.000,43.000,43.000,43.000,10148
20251217T140500,43.000,43.000,43.000,43.000,4531
20251217T140600,43.000,43.000,43.000,43.000,3067
20251217T140700,43.000,43.000,43.000,43.000,2494
20251217T140800,43.000,43.000,43.000,43.000,11567
20251217T140900,43.000,43.000,43.000,43.000,4412
20251217T141000,43.000,43.000,43.000,43.000,15372
20251217T141100,43.000,43.000,43.000,43.000,19363
20251217T141200,43.000,43.000,43.000,43.000,30290
20251217T141300,43.000,43.000,43.000,43.000,12620
20251217T141400,43.000,43.000,43.000,43.000,22437
20251217T141500,43.000,43.000,43.000,43.000,6233
20251217T141600,43.000,43.000,43.000,43.000,7231
20251217T141700,43.000,43.000,43.000,43.000,38555
20251217T141800,43.000,43.000,43.000,43.000,7297
20251217T141900,43.000,43.000,43.000,43.000,11189
20251217T142000,43.000,43.000,43.000,43.000,11984
20251217T142100,43.000,43.000,43.000,43.000,7053
20251217T142200,43.000,43.000,43.000,43.000,3302
20251217T142300,43.000,43.000,43.000,43.000,7712
20251217T142400,43.000,43.000,43.000,43.000,7760
20251217T142500,43.000,43.000,43.000,43.000,12837
20251217T142600,43.000,43.000,43.000,43.000,5837
20251217T142700,43.000,43.000,43.000,43.000,9911
20251217T142800,43.000,43.000,43.000,43.000,9805
20251217T142900,43.000,43.000,43.000,43.000,9399
20251217T143000,43.000,43.000,43.000,43.000,14161
20251217T143100,43.000,43.000,43.000,43.000,8012
20251217T143200,43.000,43.000,43.000,43.000,13541
20251217T143300,43.000,43.000,43.000,43.000,9747
20251217T143400,43.000,43.000,43.000,43.000,10459
20251217T143500,43.000,43.000,43.000,43.000,13698
20251217T143600,43.000,43.000,43.000,43.000,9186
20251217T143700,43.000,43.000,43.000,43.000,10249
20251217T143800,43.000,43.000,43.000,43.000,7517
20251217T143900,43.000,43.000,43.000,43.000,7889
20251217T144000,43.000,43.000,43.000,43.000,9502
20251217T144100,43.000,43.000,43.000,43.000,8884
20251217T144200,43.000,43.000,43.000,43.000,2825
20251217T144300,43.000,43.000,43.000,43.000,17462
20251217T144400,43.000,43.000,43.000,43.000,5134
20251217T144500,43.000,43.000,43.000,43.000,4321
20251217T144600,43.000,43.000,43.000,43.000,5950
20251217T144700,43.000,43.000,43.000,43.000,21996
20251217T144800,43.000,43.000,43.000,43.000,1979
20251217T144900,43.000,43.000,43.000,43.000,7392
20251217T145000,43.000,43.000,43.000,43.000,2516
20251217T145100,43.000,43.000,43.000,43.000,14273
20251217T145200,43.000,43.000,43.000,43.000,4986
20251217T145300,43.000,43.000,43.000,43.000,7490
20251217T145400,43.000,43.000,43.000,43.000,4745
20251217T145500,43.000,43.000,43.000,43.000,2066
20251217T145600,43.000,43.000,43.000,43.000,11170
20251217T145700,43.000,43.000,43.000,43.000,9493
20251217T150000,43.000,43.000,43.000,43.000,13355
20251218T093100,43.000,43.000,43.000,43.000,47623
20251218T093200,43.000,43.000,43.000,43.000,17079
20251218T093300,43.000,43.000,43.000,43.000,17313
20251218T093400,43.000,43.000,43.000,43.000,42398
20251218T093500,43.000,43.000,43.000,43.000,10741
20251218T093600,43.000,43.000,43.000,43.000,16543
20251218T093700,43.000,43.000,43.000,43.000,14291
20251218T093800,43.000,44.000,43.000,43.000,24590
20251218T093900,43.000,44.000,43.000,44.000,12792
20251218T094000,44.000,44.000,43.000,43.000,16673
20251218T094100,43.000,44.000,43.000,44.000,18324
20251218T094200,44.000,44.000,44.000,44.000,9806
20251218T094300,44.000,44.000,44.000,44.000,2141
20251218T094400,44.000,44.000,44.000,44.000,2427
20251218T094500,44.000,44.000,44.000,44.000,9404
20251218T094600,44.000,44.000,44.000,44.000,37276
20251218T094700,44.000,44.000,44.000,44.000,51395
20251218T094800,44.000,44.000,44.000,44.000,39738
20251218T094900,44.000,44.000,44.000,44.000,30153
20251218T095000,44.000,44.000,44.000,44.000,9785
20251218T095100,44.000,44.000,44.000,44.000,14216
20251218T095200,44.000,44.000,44.000,44.000,10287
20251218T095300,44.000,44.000,44.000,44.000,11895
20251218T095400,44.000,44.000,44.000,44.000,60157
20251218T095500,44.000,44.000,44.000,44.000,5233
20251218T095600,44.000,44.000,44.000,44.000,8036
20251218T095700,44.000,44.000,44.000,44.000,18070
20251218T095800,44.000,44.000,44.000,44.000,36439
20251218T095900,44.000,44.000,44.000,44.000,64302
20251218T100000,44.000,44.000,44.000,44.000,11272
20251218T100100,44.000,44.000,44.000,44.000,42051
20251218T100200,44.000,44.000,44.000,44.000,2795
20251218T100300,44.000,44.000,44.000,44.000,5511
20251218T100400,44.000,44.000,44.000,44.000,9566
20251218T100500,44.000,44.000,44.000,44.000,8359
20251218T100600,44.000,44.000,44.000,44.000,43079
20251218T100700,44.000,44.000,44.000,44.000,800
20251218T100800,44.000,44.000,44.000,44.000,5655
20251218T100900,44.000,44.000,44.000,44.000,9456
20251218T101000,44.000,44.000,44.000,44.000,2701
20251218T101100,44.000,44.000,44.000,44.000,38550
20251218T101200,44.000,44.000,44.000,44.000,21679
20251218T101300,44.000,44.000,44.000,44.000,8523
20251218T101400,44.000,44.000,44.000,44.000,25080
20251218T101500,44.000,44.000,44.000,44.000,62840
20251218T101600,44.000,44.000,44.000,44.000,15783
20251218T101700,44.000,44.000,44.000,44.000,5123
20251218T101800,44.000,44.000,44.000,44.000,3565
20251218T101900,44.000,44.000,44.000,44.000,3822
20251218T102000,44.000,44.000,44.000,44.000,5414
20251218T102100,44.000,44.000,44.000,44.000,19024
20251218T102200,44.000,44.000,44.000,44.000,38138
20251218T102300,44.000,44.000,44.000,44.000,1300
20251218T102400,44.000,44.000,44.000,44.000,6050
20251218T102500,44.000,44.000,44.000,44.000,9406
20251218T102600,44.000,44.000,44.000,44.000,6101
20251218T102700,44.000,44.000,44.000,44.000,7385
20251218T102800,44.000,44.000,44.000,44.000,5831
20251218T102900,44.000,44.000,44.000,44.000,15550
20251218T103000,44.000,44.000,44.000,44.000,3842
20251218T103100,44.000,44.000,44.000,44.000,20263
20251218T103200,44.000,44.000,44.000,44.000,2094
20251218T103300,44.000,44.000,44.000,44.000,11540
20251218T103400,44.000,44.000,44.000,44.000,2115
20251218T103500,44.000,44.000,44.000,44.000,16876
20251218T103600,44.000,44.000,44.000,44.000,6203
20251218T103700,44.000,44.000,44.000,44.000,7379
20251218T103800,44.000,44.000,44.000,44.000,5501
20251218T103900,44.000,44.000,43.000,44.000,81813
20251218T104000,44.000,44.000,44.000,44.000,1752
20251218T104100,44.000,44.000,44.000,44.000,10322
20251218T104200,44.000,44.000,44.000,44.000,3743
20251218T104300,44.000,44.000,44.000,44.000,4958
20251218T104400,44.000,44.000,44.000,44.000,2127
20251218T104500,44.000,44.000,44.000,44.000,5327
20251218T104600,44.000,44.000,44.000,44.000,3918
20251218T104700,44.000,44.000,44.000,44.000,3623
20251218T104800,44.000,44.000,44.000,44.000,7736
20251218T104900,44.000,44.000,44.000,44.000,1591
20251218T105000,44.000,44.000,44.000,44.000,2294
20251218T105100,44.000,44.000,44.000,44.000,750
20251218T105200,44.000,44.000,44.000,44.000,4830
20251218T105300,44.000,44.000,44.000,44.000,2460
20251218T105400,44.000,44.000,44.000,44.000,3517
20251218T105500,44.000,44.000,44.000,44.000,3802
20251218T105600,44.000,44.000,44.000,44.000,3963
20251218T105700,44.000,44.000,44.000,44.000,6864
20251218T105800,44.000,44.000,44.000,44.000,2532
20251218T105900,44.000,44.000,44.000,44.000,5317
20251218T110000,44.000,44.000,44.000,44.000,5478
20251218T110100,44.000,44.000,44.000,44.000,2528
20251218T110200,44.000,44.000,44.000,44.000,2490
20251218T110300,44.000,44.000,44.000,44.000,3277
20251218T110400,44.000,44.000,44.000,44.000,10719
20251218T110500,44.000,44.000,44.000,44.000,3132
20251218T110600,44.000,44.000,44.000,44.000,5763
20251218T110700,44.000,44.000,44.000,44.000,1095
20251218T110800,44.000,44.000,44.000,44.000,1100
20251218T110900,44.000,44.000,44.000,44.000,4108
20251218T111000,44.000,44.000,44.000,44.000,1121
20251218T111100,44.000,44.000,44.000,44.000,7076
20251218T111200,44.000,44.000,44.000,44.000,3915
20251218T111300,44.000,44.000,44.000,44.000,4628
20251218T111400,44.000,44.000,44.000,44.000,2502
20251218T111500,44.000,44.000,44.000,44.000,1650
20251218T111600,44.000,44.000,44.000,44.000,16990
20251218T111700,44.000,44.000,44.000,44.000,5039
20251218T111800,44.000,44.000,44.000,44.000,2754
20251218T111900,44.000,44.000,44.000,44.000,1394
20251218T112000,44.000,44.000,44.000,44.000,3834
20251218T112100,44.000,44.000,44.000,44.000,9737
20251218T112200,44.000,44.000,44.000,44.000,2200
20251218T112300,44.000,44.000,44.000,44.000,3048
20251218T112400,44.000,44.000,44.000,44.000,6946
20251218T112500,44.000,44.000,44.000,44.000,500
20251218T112600,44.000,44.000,44.000,44.000,400
20251218T112700,44.000,44.000,44.000,44.000,4742
20251218T112800,44.000,44.000,44.000,44.000,916
20251218T112900,44.000,44.000,44.000,44.000,3323
20251218T113000,44.000,44.000,44.000,44.000,6697
20251218T130100,44.000,44.000,44.000,44.000,17680
20251218T130200,44.000,44.000,44.000,44.000,4898
20251218T130300,44.000,44.000,44.000,44.000,1981
20251218T130400,44.000,44.000,44.000,44.000,3303
20251218T130500,44.000,44.000,44.000,44.000,772
20251218T130600,44.000,44.000,44.000,44.000,4959
20251218T130700,44.000,44.000,44.000,44.000,400
20251218T130800,44.000,44.000,44.000,44.000,600
20251218T130900,44.000,44.000,44.000,44.000,11201
20251218T131000,44.000,44.000,44.000,44.000,3832
20251218T131100,44.000,44.000,44.000,44.000,1931
20251218T131200,44.000,44.000,44.000,44.000,2372
20251218T131300,44.000,44.000,44.000,44.000,3964
20251218T131400,44.000,44.000,44.000,44.000,14358
20251218T131500,44.000,44.000,44.000,44.000,2330
20251218T131600,44.000,44.000,44.000,44.000,27542
20251218T131700,44.000,44.000,44.000,44.000,1648
20251218T131800,44.000,44.000,44.000,44.000,30885
20251218T131900,44.000,44.000,44.000,44.000,2360
20251218T132000,44.000,44.000,44.000,44.000,7506
20251218T132100,44.000,44.000,44.000,44.000,1600
20251218T132200,44.000,44.000,44.000,44.000,8668
20251218T132300,44.000,44.000,44.000,44.000,405
20251218T132400,44.000,44.000,44.000,44.000,4831
20251218T132500,44.000,44.000,44.000,44.000,2932
20251218T132600,44.000,44.000,44.000,44.000,1020
20251218T132700,44.000,44.000,44.000,44.000,1931
20251218T132800,44.000,44.000,44.000,44.000,1052
20251218T132900,44.000,44.000,44.000,44.000,2569
20251218T133000,44.000,44.000,44.000,44.000,3936
20251218T133100,44.000,44.000,44.000,44.000,7780
20251218T133200,44.000,44.000,44.000,44.000,1419
20251218T133300,44.000,44.000,44.000,44.000,1086
20251218T133400,44.000,44.000,44.000,44.000,640
20251218T133500,44.000,44.000,44.000,44.000,16493
20251218T133600,44.000,44.000,44.000,44.000,2879
20251218T133700,44.000,44.000,44.000,44.000,66367
20251218T133800,44.000,44.000,44.000,44.000,2498
20251218T133900,44.000,44.000,44.000,44.000,4454
20251218T134000,44.000,44.000,44.000,44.000,2040
20251218T134100,44.000,44.000,43.000,44.000,33136
20251218T134200,44.000,44.000,43.000,43.000,27183
20251218T134300,43.000,44.000,43.000,43.000,745
20251218T134400,43.000,43.000,43.000,43.000,478
20251218T134500,43.000,43.000,43.000,43.000,2107
20251218T134600,43.000,43.000,43.000,43.000,6278
20251218T134700,43.000,43.000,43.000,43.000,1987
20251218T134800,43.000,43.000,43.000,43.000,2695
20251218T134900,43.000,43.000,43.000,43.000,600
20251218T135000,43.000,43.000,43.000,43.000,3177
20251218T135100,43.000,43.000,43.000,43.000,3582
20251218T135200,43.000,43.000,43.000,43.000,2532
20251218T135300,43.000,43.000,43.000,43.000,5349
20251218T135400,43.000,43.000,43.000,43.000,1940
20251218T135500,43.000,43.000,43.000,43.000,1692
20251218T135600,43.000,43.000,43.000,43.000,4530
20251218T135700,43.000,43.000,43.000,43.000,1301
20251218T135800,43.000,43.000,43.000,43.000,3505
20251218T135900,43.000,43.000,43.000,43.000,2982
20251218T140000,43.000,43.000,43.000,43.000,1865
20251218T140100,43.000,43.000,43.000,43.000,5827
20251218T140200,43.000,43.000,43.000,43.000,7113
20251218T140300,43.000,43.000,43.000,43.000,2802
20251218T140400,43.000,43.000,43.000,43.000,3703
20251218T140500,43.000,43.000,43.000,43.000,5977
20251218T140600,43.000,43.000,43.000,43.000,3410
20251218T140700,43.000,43.000,43.000,43.000,916
20251218T140800,43.000,43.000,43.000,43.000,14743
20251218T140900,43.000,44.000,43.000,44.000,8310
20251218T141000,44.000,44.000,44.000,44.000,1188
20251218T141100,43.000,43.000,43.000,43.000,697
20251218T141200,43.000,43.000,43.000,43.000,431
20251218T141300,43.000,43.000,43.000,43.000,2816
20251218T141400,43.000,44.000,43.000,43.000,11494
20251218T141500,43.000,43.000,43.000,43.000,1429
20251218T141600,43.000,43.000,43.000,43.000,1710
20251218T141700,43.000,43.000,43.000,43.000,5928
20251218T141800,43.000,43.000,43.000,43.000,3051
20251218T141900,43.000,43.000,43.000,43.000,6426
20251218T142000,43.000,43.000,43.000,43.000,3357
20251218T142100,43.000,43.000,43.000,43.000,2102
20251218T142200,43.000,43.000,43.000,43.000,2700
20251218T142300,43.000,43.000,43.000,43.000,5762
20251218T142400,43.000,43.000,43.000,43.000,400
20251218T142500,43.000,43.000,43.000,43.000,10035
20251218T142600,43.000,43.000,43.000,43.000,5439
20251218T142700,43.000,43.000,43.000,43.000,4368
20251218T142800,43.000,43.000,43.000,43.000,455
20251218T142900,43.000,43.000,43.000,43.000,14098
20251218T143000,43.000,43.000,43.000,43.000,2675
20251218T143100,43.000,43.000,43.000,43.000,10853
20251218T143200,43.000,43.000,43.000,43.000,2527
20251218T143300,43.000,43.000,43.000,43.000,2068
20251218T143400,43.000,43.000,43.000,43.000,2411
20251218T143500,43.000,43.000,43.000,43.000,1798
20251218T143600,43.000,43.000,43.000,43.000,2282
20251218T143700,43.000,43.000,43.000,43.000,5048
20251218T143800,43.000,43.000,43.000,43.000,17740
20251218T143900,43.000,43.000,43.000,43.000,2427
20251218T144000,43.000,43.000,43.000,43.000,3885
20251218T144100,43.000,43.000,43.000,43.000,2836
20251218T144200,43.000,43.000,43.000,43.000,4343
20251218T144300,43.000,43.000,43.000,43.000,2860
20251218T144400,43.000,43.000,43.000,43.000,1878
20251218T144500,43.000,43.000,43.000,43.000,5518
20251218T144600,43.000,43.000,43.000,43.000,2075
20251218T144700,43.000,43.000,43.000,43.000,3534
20251218T144800,43.000,43.000,43.000,43.000,4042
20251218T144900,43.000,43.000,43.000,43.000,3966
20251218T145000,43.000,43.000,43.000,43.000,2492
20251218T145100,43.000,43.000,43.000,43.000,4179
20251218T145200,43.000,43.000,43.000,43.000,7567
20251218T145300,43.000,43.000,43.000,43.000,12811
20251218T145400,43.000,43.000,43.000,43.000,8664
20251218T145500,43.000,43.000,43.000,43.000,6753
20251218T145600,43.000,43.000,43.000,43.000,5143
20251218T145700,43.000,43.000,43.000,43.000,2345
20251218T150000,43.000,43.000,43.000,43.000,5664
20251219T093100,44.000,44.000,43.000,43.000,13977
20251219T093200,43.000,43.000,43.000,43.000,15986
20251219T093300,43.000,43.000,43.000,43.000,10650
20251219T093400,43.000,43.000,43.000,43.000,5222
20251219T093500,43.000,43.000,43.000,43.000,6098
20251219T093600,43.000,43.000,43.000,43.000,11494
20251219T093700,43.000,43.000,43.000,43.000,2428
20251219T093800,43.000,43.000,43.000,43.000,4674
20251219T093900,43.000,43.000,43.000,43.000,6067
20251219T094000,43.000,43.000,43.000,43.000,50966
20251219T094100,43.000,43.000,43.000,43.000,41569
20251219T094200,43.000,43.000,43.000,43.000,4099
20251219T094300,43.000,44.000,43.000,44.000,12036
20251219T094400,44.000,44.000,44.000,44.000,16060
20251219T094500,44.000,44.000,44.000,44.000,11770
20251219T094600,44.000,44.000,44.000,44.000,7726
20251219T094700,44.000,44.000,44.000,44.000,62364
20251219T094800,44.000,44.000,44.000,44.000,17032
20251219T094900,44.000,44.000,44.000,44.000,6455
20251219T095000,44.000,44.000,44.000,44.000,6474
20251219T095100,44.000,44.000,44.000,44.000,18274
20251219T095200,44.000,44.000,44.000,44.000,3871
20251219T095300,44.000,44.000,44.000,44.000,12791
20251219T095400,44.000,44.000,44.000,44.000,1134
20251219T095500,44.000,44.000,44.000,44.000,8528
20251219T095600,44.000,44.000,44.000,44.000,57187
20251219T095700,44.000,44.000,44.000,44.000,21200
20251219T095800,44.000,44.000,44.000,44.000,33373
20251219T095900,44.000,44.000,44.000,44.000,27525
20251219T100000,44.000,44.000,44.000,44.000,12898
20251219T100100,44.000,44.000,44.000,44.000,10416
20251219T100200,44.000,44.000,44.000,44.000,3500
20251219T100300,44.000,44.000,44.000,44.000,14581
20251219T100400,44.000,44.000,44.000,44.000,3300
20251219T100500,44.000,44.000,44.000,44.000,1558
20251219T100600,44.000,44.000,44.000,44.000,1185
20251219T100700,44.000,44.000,44.000,44.000,15639
20251219T100800,44.000,44.000,44.000,44.000,3527
20251219T100900,44.000,44.000,44.000,44.000,5442
20251219T101000,44.000,44.000,44.000,44.000,13768
20251219T101100,44.000,44.000,44.000,44.000,45988
20251219T101200,44.000,44.000,44.000,44.000,19765
20251219T101300,44.000,45.000,44.000,44.000,35622
20251219T101400,45.000,45.000,45.000,45.000,45738
20251219T101500,45.000,45.000,45.000,45.000,13964
20251219T101600,45.000,45.000,44.000,44.000,30765
20251219T101700,45.000,45.000,44.000,45.000,13004
20251219T101800,45.000,45.000,45.000,45.000,11403
20251219T101900,45.000,45.000,45.000,45.000,110348
20251219T102000,45.000,45.000,45.000,45.000,12700
20251219T102100,45.000,45.000,45.000,45.000,20565
20251219T102200,45.000,45.000,45.000,45.000,6838
20251219T102300,45.000,45.000,45.000,45.000,20762
20251219T102400,45.000,45.000,44.000,45.000,6210
20251219T102500,45.000,45.000,44.000,44.000,3544
20251219T102600,44.000,44.000,44.000,44.000,14750
20251219T102700,45.000,45.000,45.000,45.000,1920
20251219T102800,44.000,44.000,44.000,44.000,6200
20251219T102900,44.000,44.000,44.000,44.000,7803
20251219T103000,44.000,44.000,44.000,44.000,21735
20251219T103100,44.000,44.000,44.000,44.000,5094
20251219T103200,44.000,44.000,44.000,44.000,6456
20251219T103300,44.000,44.000,44.000,44.000,200
20251219T103400,44.000,44.000,44.000,44.000,15662
20251219T103500,44.000,44.000,44.000,44.000,5865
20251219T103600,44.000,44.000,44.000,44.000,642
20251219T103700,44.000,44.000,44.000,44.000,3606
20251219T103800,44.000,44.000,44.000,44.000,9154
20251219T103900,44.000,44.000,44.000,44.000,3342
20251219T104000,44.000,44.000,44.000,44.000,12351
20251219T104100,44.000,44.000,44.000,44.000,4660
20251219T104200,44.000,44.000,44.000,44.000,4767
20251219T104300,44.000,44.000,44.000,44.000,16801
20251219T104400,44.000,44.000,44.000,44.000,8007
20251219T104500,44.000,44.000,44.000,44.000,13418
20251219T104600,44.000,44.000,44.000,44.000,7368
20251219T104700,44.000,44.000,44.000,44.000,3615
20251219T104800,44.000,44.000,44.000,44.000,16005
20251219T104900,44.000,44.000,44.000,44.000,3115
20251219T105000,44.000,44.000,44.000,44.000,24726
20251219T105100,44.000,44.000,44.000,44.000,5705
20251219T105200,44.000,44.000,44.000,44.000,57568
20251219T105300,44.000,44.000,44.000,44.000,5750
20251219T105400,44.000,44.000,44.000,44.000,1949
20251219T105500,44.000,44.000,44.000,44.000,36749
20251219T105600,44.000,44.000,44.000,44.000,6254
20251219T105700,44.000,44.000,44.000,44.000,3417
20251219T105800,44.000,44.000,44.000,44.000,32842
20251219T105900,44.000,44.000,44.000,44.000,938
20251219T110000,44.000,44.000,44.000,44.000,3689
20251219T110100,44.000,44.000,44.000,44.000,1921
20251219T110200,44.000,44.000,44.000,44.000,458
20251219T110300,44.000,44.000,44.000,44.000,253
20251219T110400,44.000,44.000,44.000,44.000,3108
20251219T110500,44.000,44.000,44.000,44.000,3122
20251219T110600,44.000,44.000,44.000,44.000,3721
20251219T110700,44.000,44.000,44.000,44.000,9069
20251219T110800,44.000,44.000,44.000,44.000,352
20251219T110900,44.000,44.000,44.000,44.000,3059
20251219T111000,44.000,44.000,44.000,44.000,2091
20251219T111100,44.000,44.000,44.000,44.000,1431
20251219T111200,44.000,44.000,44.000,44.000,2523
20251219T111300,44.000,44.000,44.000,44.000,2417
20251219T111400,44.000,44.000,44.000,44.000,3220
20251219T111500,44.000,44.000,44.000,44.000,1371
20251219T111600,44.000,44.000,44.000,44.000,294
20251219T111700,44.000,44.000,44.000,44.000,3183
20251219T111800,44.000,44.000,44.000,44.000,1684
20251219T112000,44.000,44.000,44.000,44.000,4780
20251219T112100,44.000,44.000,44.000,44.000,1622
20251219T112200,44.000,44.000,44.000,44.000,1506
20251219T112300,44.000,44.000,44.000,44.000,2997
20251219T112400,44.000,44.000,44.000,44.000,1098
20251219T112500,44.000,44.000,44.000,44.000,1549
20251219T112600,44.000,44.000,44.000,44.000,775
20251219T112700,44.000,44.000,44.000,44.000,4151
20251219T112800,44.000,44.000,44.000,44.000,18620
20251219T112900,44.000,44.000,44.000,44.000,22177
20251219T113000,44.000,44.000,44.000,44.000,18783
20251219T130100,44.000,44.000,44.000,44.000,25718
20251219T130200,44.000,44.000,44.000,44.000,16763
20251219T130300,44.000,44.000,44.000,44.000,3799
20251219T130400,44.000,44.000,44.000,44.000,500
20251219T130500,44.000,44.000,44.000,44.000,10011
20251219T130600,44.000,44.000,44.000,44.000,2611
20251219T130700,44.000,44.000,44.000,44.000,14726
20251219T130800,44.000,44.000,44.000,44.000,2227
20251219T130900,44.000,44.000,44.000,44.000,2238
20251219T131000,44.000,44.000,44.000,44.000,2825
20251219T131100,44.000,44.000,44.000,44.000,8650
20251219T131200,44.000,44.000,44.000,44.000,17462
20251219T131300,44.000,44.000,44.000,44.000,4881
20251219T131400,44.000,44.000,44.000,44.000,9475
20251219T131500,44.000,44.000,44.000,44.000,3474
20251219T131600,44.000,44.000,44.000,44.000,18901
20251219T131700,44.000,44.000,44.000,44.000,44454
20251219T131800,44.000,44.000,44.000,44.000,8182
20251219T131900,44.000,44.000,44.000,44.000,10783
20251219T132000,44.000,44.000,44.000,44.000,1323
20251219T132100,44.000,44.000,44.000,44.000,5167
20251219T132200,44.000,44.000,44.000,44.000,4498
20251219T132300,44.000,44.000,44.000,44.000,3712
20251219T132400,44.000,44.000,44.000,44.000,4645
20251219T132500,44.000,44.000,44.000,44.000,11738
20251219T132600,44.000,44.000,44.000,44.000,2975
20251219T132700,44.000,44.000,44.000,44.000,3412
20251219T132800,44.000,44.000,44.000,44.000,3375
20251219T132900,44.000,44.000,44.000,44.000,27066
20251219T133000,44.000,44.000,44.000,44.000,6409
20251219T133100,44.000,44.000,44.000,44.000,23250
20251219T133200,44.000,44.000,44.000,44.000,12083
20251219T133300,44.000,44.000,44.000,44.000,9353
20251219T133400,44.000,44.000,44.000,44.000,3044
20251219T133500,44.000,44.000,44.000,44.000,1691
20251219T133600,44.000,44.000,44.000,44.000,21199
20251219T133700,44.000,44.000,44.000,44.000,928
20251219T133800,44.000,44.000,44.000,44.000,17564
20251219T133900,44.000,44.000,44.000,44.000,56425
20251219T134000,44.000,44.000,44.000,44.000,600
20251219T134100,44.000,44.000,44.000,44.000,10600
20251219T134200,44.000,44.000,44.000,44.000,6706
20251219T134300,44.000,44.000,44.000,44.000,37345
20251219T134400,44.000,44.000,44.000,44.000,6143
20251219T134500,44.000,44.000,44.000,44.000,19043
20251219T134600,44.000,44.000,44.000,44.000,3837
20251219T134700,44.000,44.000,44.000,44.000,3274
20251219T134800,44.000,44.000,44.000,44.000,4806
20251219T134900,44.000,44.000,44.000,44.000,5679
20251219T135000,44.000,44.000,44.000,44.000,5784
20251219T135100,44.000,44.000,44.000,44.000,3036
20251219T135200,44.000,44.000,44.000,44.000,2309
20251219T135300,44.000,44.000,44.000,44.000,8035
20251219T135400,44.000,44.000,44.000,44.000,4379
20251219T135500,44.000,44.000,44.000,44.000,2653
20251219T135600,44.000,44.000,44.000,44.000,404
20251219T135700,44.000,44.000,44.000,44.000,7543
20251219T135800,44.000,44.000,44.000,44.000,1257
20251219T135900,44.000,44.000,44.000,44.000,11134
20251219T140000,44.000,44.000,44.000,44.000,16669
20251219T140100,44.000,44.000,44.000,44.000,28155
20251219T140200,44.000,44.000,44.000,44.000,837
20251219T140300,44.000,44.000,44.000,44.000,2301
20251219T140400,44.000,44.000,44.000,44.000,6884
20251219T140500,44.000,44.000,44.000,44.000,6364
20251219T140600,44.000,44.000,44.000,44.000,5708
20251219T140700,44.000,44.000,44.000,44.000,427
20251219T140800,44.000,44.000,44.000,44.000,3822
20251219T140900,44.000,44.000,44.000,44.000,3087
20251219T141000,44.000,44.000,44.000,44.000,749
20251219T141100,44.000,44.000,44.000,44.000,6211
20251219T141200,44.000,44.000,44.000,44.000,6251
20251219T141300,44.000,44.000,44.000,44.000,1417
20251219T141400,44.000,44.000,44.000,44.000,1407
20251219T141500,44.000,44.000,44.000,44.000,15626
20251219T141600,44.000,44.000,44.000,44.000,1451
20251219T141700,44.000,44.000,44.000,44.000,3667
20251219T141800,44.000,44.000,44.000,44.000,2154
20251219T141900,44.000,44.000,44.000,44.000,846
20251219T142000,44.000,44.000,44.000,44.000,3033
20251219T142100,44.000,44.000,44.000,44.000,1204
20251219T142200,44.000,44.000,44.000,44.000,5325
20251219T142300,44.000,44.000,44.000,44.000,1635
20251219T142400,44.000,44.000,44.000,44.000,3889
20251219T142500,44.000,44.000,44.000,44.000,1559
20251219T142600,44.000,44.000,44.000,44.000,4028
20251219T142700,44.000,44.000,44.000,44.000,2416
20251219T142800,44.000,44.000,44.000,44.000,3200
20251219T142900,44.000,44.000,44.000,44.000,2800
20251219T143000,44.000,44.000,44.000,44.000,1742
20251219T143100,44.000,44.000,44.000,44.000,9833
20251219T143200,44.000,44.000,44.000,44.000,10475
20251219T143300,44.000,44.000,44.000,44.000,1669
20251219T143400,44.000,44.000,44.000,44.000,5032
20251219T143500,44.000,44.000,44.000,44.000,1973
20251219T143600,44.000,44.000,44.000,44.000,2919
20251219T143700,44.000,44.000,44.000,44.000,5124
20251219T143800,44.000,44.000,44.000,44.000,3292
20251219T143900,44.000,44.000,44.000,44.000,4306
20251219T144000,44.000,44.000,44.000,44.000,3190
20251219T144100,44.000,44.000,44.000,44.000,10593
20251219T144200,44.000,44.000,44.000,44.000,3245
20251219T144300,44.000,44.000,44.000,44.000,8550
20251219T144400,44.000,44.000,44.000,44.000,10034
20251219T144500,44.000,44.000,44.000,44.000,5171
20251219T144600,44.000,44.000,44.000,44.000,6778
20251219T144700,44.000,44.000,44.000,44.000,2303
20251219T144800,44.000,44.000,44.000,44.000,9253
20251219T144900,44.000,44.000,44.000,44.000,2812
20251219T145000,44.000,44.000,44.000,44.000,5652
20251219T145100,44.000,44.000,44.000,44.000,2143
20251219T145200,44.000,44.000,44.000,44.000,16382
20251219T145300,44.000,44.000,44.000,44.000,4603
20251219T145400,44.000,44.000,44.000,44.000,13194
20251219T145500,44.000,44.000,44.000,44.000,5982
20251219T145600,44.000,44.000,44.000,44.000,8838
20251219T145700,44.000,44.000,44.000,44.000,19064
20251219T150000,44.000,44.000,44.000,44.000,20232
20251222T093100,44.000,44.000,43.000,43.000,42697
20251222T093200,43.000,43.000,43.000,43.000,74594
20251222T093300,43.000,43.000,43.000,43.000,22365
20251222T093400,43.000,44.000,43.000,44.000,39520
20251222T093500,44.000,44.000,44.000,44.000,59973
20251222T093600,44.000,44.000,44.000,44.000,18428
20251222T093700,44.000,44.000,44.000,44.000,5484
20251222T093800,44.000,44.000,44.000,44.000,34170
20251222T093900,44.000,44.000,44.000,44.000,14797
20251222T094000,44.000,44.000,44.000,44.000,24248
20251222T094100,44.000,44.000,44.000,44.000,11077
20251222T094200,44.000,44.000,44.000,44.000,3547
20251222T094300,44.000,44.000,44.000,44.000,4631
20251222T094400,44.000,44.000,44.000,44.000,2928
20251222T094500,44.000,44.000,44.000,44.000,2521
20251222T094600,44.000,44.000,44.000,44.000,7455
20251222T094700,44.000,44.000,44.000,44.000,4770
20251222T094800,44.000,44.000,44.000,44.000,8122
20251222T094900,44.000,44.000,44.000,44.000,12048
20251222T095000,44.000,44.000,44.000,44.000,11283
20251222T095100,44.000,44.000,44.000,44.000,7708
20251222T095200,44.000,44.000,44.000,44.000,13331
20251222T095300,44.000,44.000,44.000,44.000,3554
20251222T095400,44.000,44.000,44.000,44.000,13855
20251222T095500,44.000,44.000,44.000,44.000,3867
20251222T095600,44.000,44.000,44.000,44.000,10581
20251222T095700,44.000,44.000,44.000,44.000,11038
20251222T095800,44.000,44.000,44.000,44.000,22239
20251222T095900,44.000,44.000,44.000,44.000,9832
20251222T100000,44.000,44.000,44.000,44.000,5627
20251222T100100,44.000,44.000,44.000,44.000,5796
20251222T100200,44.000,44.000,44.000,44.000,5241
20251222T100300,44.000,44.000,44.000,44.000,9063
20251222T100400,44.000,44.000,44.000,44.000,4938
20251222T100500,44.000,44.000,44.000,44.000,5889
20251222T100600,44.000,44.000,44.000,44.000,3241
20251222T100700,44.000,44.000,44.000,44.000,13806
20251222T100800,44.000,44.000,44.000,44.000,14467
20251222T100900,44.000,44.000,44.000,44.000,2400
20251222T101000,44.000,44.000,44.000,44.000,5228
20251222T101100,44.000,44.000,44.000,44.000,45025
20251222T101200,44.000,44.000,44.000,44.000,3680
20251222T101300,44.000,44.000,44.000,44.000,4216
20251222T101400,44.000,44.000,44.000,44.000,1819
20251222T101500,44.000,44.000,44.000,44.000,13093
20251222T101600,44.000,44.000,44.000,44.000,1585
20251222T101700,44.000,44.000,44.000,44.000,814
20251222T101800,44.000,44.000,44.000,44.000,1100
20251222T101900,44.000,44.000,44.000,44.000,2263
20251222T102000,44.000,44.000,44.000,44.000,26329
20251222T102100,44.000,44.000,44.000,44.000,800
20251222T102200,44.000,44.000,44.000,44.000,2652
20251222T102300,44.000,44.000,44.000,44.000,1326
20251222T102400,44.000,44.000,44.000,44.000,8128
20251222T102500,44.000,44.000,44.000,44.000,5641
20251222T102600,44.000,44.000,44.000,44.000,1815
20251222T102700,44.000,44.000,44.000,44.000,1322
20251222T102800,44.000,44.000,44.000,44.000,5416
20251222T102900,44.000,44.000,44.000,44.000,4278
20251222T103000,44.000,44.000,44.000,44.000,1731
20251222T103100,44.000,44.000,44.000,44.000,1536
20251222T103200,44.000,44.000,44.000,44.000,3951
20251222T103300,44.000,44.000,44.000,44.000,25372
20251222T103400,44.000,44.000,44.000,44.000,1900
20251222T103500,44.000,44.000,44.000,44.000,2900
20251222T103700,44.000,44.000,44.000,44.000,200
20251222T103800,44.000,44.000,44.000,44.000,3601
20251222T103900,44.000,44.000,44.000,44.000,5107
20251222T104000,44.000,44.000,44.000,44.000,1300
20251222T104100,44.000,44.000,44.000,44.000,13188
20251222T104200,44.000,44.000,44.000,44.000,2461
20251222T104300,44.000,44.000,44.000,44.000,39423
20251222T104400,44.000,44.000,44.000,44.000,7061
20251222T104500,44.000,44.000,44.000,44.000,1338
20251222T104600,44.000,44.000,44.000,44.000,943
20251222T104700,44.000,44.000,44.000,44.000,707
20251222T104800,44.000,44.000,44.000,44.000,2613
20251222T104900,44.000,44.000,44.000,44.000,2492
20251222T105000,44.000,44.000,44.000,44.000,8186
20251222T105100,44.000,44.000,44.000,44.000,4429
20251222T105300,44.000,44.000,44.000,44.000,2111
20251222T105400,44.000,44.000,44.000,44.000,695
20251222T105500,44.000,44.000,44.000,44.000,3360
20251222T105600,44.000,44.000,44.000,44.000,2689
20251222T105700,44.000,44.000,44.000,44.000,851
20251222T105800,44.000,44.000,44.000,44.000,1883
20251222T105900,44.000,44.000,44.000,44.000,5874
20251222T110000,44.000,44.000,44.000,44.000,3762
20251222T110100,44.000,44.000,44.000,44.000,2336
20251222T110200,44.000,44.000,44.000,44.000,2149
20251222T110300,44.000,44.000,44.000,44.000,10300
20251222T110400,44.000,44.000,44.000,44.000,435
20251222T110500,44.000,44.000,44.000,44.000,9059
20251222T110600,44.000,44.000,44.000,44.000,3708
20251222T110700,44.000,44.000,44.000,44.000,3951
20251222T110800,44.000,44.000,44.000,44.000,6696
20251222T110900,44.000,44.000,44.000,44.000,902
20251222T111000,44.000,44.000,44.000,44.000,3212
20251222T111100,44.000,44.000,44.000,44.000,2264
20251222T111200,44.000,44.000,44.000,44.000,3412
20251222T111300,44.000,44.000,44.000,44.000,1131
20251222T111400,44.000,44.000,44.000,44.000,2152
20251222T111500,44.000,44.000,44.000,44.000,1906
20251222T111600,44.000,44.000,44.000,44.000,4586
20251222T111700,44.000,44.000,44.000,44.000,1000
20251222T111800,44.000,44.000,44.000,44.000,1418
20251222T111900,44.000,44.000,44.000,44.000,3201
20251222T112000,44.000,44.000,44.000,44.000,2125
20251222T112100,44.000,44.000,44.000,44.000,4194
20251222T112200,44.000,44.000,44.000,44.000,4580
20251222T112300,44.000,44.000,44.000,44.000,2842
20251222T112400,44.000,44.000,44.000,44.000,7598
20251222T112500,44.000,44.000,44.000,44.000,21387
20251222T112600,44.000,44.000,44.000,44.000,4766
20251222T112700,44.000,44.000,44.000,44.000,3722
20251222T112800,44.000,44.000,44.000,44.000,8165
20251222T112900,44.000,44.000,44.000,44.000,2285
20251222T113000,44.000,44.000,44.000,44.000,3369
20251222T130100,44.000,44.000,44.000,44.000,1816
20251222T130200,44.000,44.000,44.000,44.000,2587
20251222T130300,44.000,44.000,44.000,44.000,1195
20251222T130400,44.000,44.000,44.000,44.000,1350
20251222T130500,44.000,44.000,44.000,44.000,6893
20251222T130600,44.000,44.000,44.000,44.000,26308
20251222T130700,44.000,44.000,44.000,44.000,4836
20251222T130800,44.000,44.000,44.000,44.000,11642
20251222T130900,44.000,44.000,44.000,44.000,871
20251222T131000,44.000,44.000,44.000,44.000,3150
20251222T131100,44.000,44.000,44.000,44.000,8417
20251222T131200,44.000,44.000,44.000,44.000,1528
20251222T131300,44.000,44.000,44.000,44.000,1724
20251222T131400,44.000,44.000,44.000,44.000,4342
20251222T131500,44.000,44.000,44.000,44.000,1040
20251222T131600,44.000,44.000,44.000,44.000,839
20251222T131700,44.000,44.000,44.000,44.000,1447
20251222T131800,44.000,44.000,44.000,44.000,1398
20251222T131900,44.000,44.000,44.000,44.000,7875
20251222T132000,44.000,44.000,44.000,44.000,35410
20251222T132100,44.000,44.000,44.000,44.000,32123
20251222T132200,44.000,44.000,44.000,44.000,7994
20251222T132300,44.000,44.000,44.000,44.000,17484
20251222T132400,44.000,44.000,44.000,44.000,6239
20251222T132500,44.000,44.000,44.000,44.000,710
20251222T132600,44.000,44.000,44.000,44.000,1386
20251222T132700,44.000,44.000,44.000,44.000,1991
20251222T132800,44.000,44.000,44.000,44.000,6350
20251222T132900,44.000,44.000,44.000,44.000,2627
20251222T133000,44.000,44.000,44.000,44.000,1604
20251222T133100,44.000,44.000,44.000,44.000,4542
20251222T133200,44.000,44.000,44.000,44.000,2587
20251222T133300,44.000,44.000,44.000,44.000,1745
20251222T133400,44.000,44.000,44.000,44.000,2570
20251222T133500,44.000,44.000,44.000,44.000,4685
20251222T133600,44.000,44.000,44.000,44.000,3581
20251222T133700,44.000,44.000,44.000,44.000,1408
20251222T133800,44.000,44.000,44.000,44.000,4485
20251222T133900,44.000,44.000,44.000,44.000,2478
20251222T134000,44.000,44.000,44.000,44.000,700
20251222T134100,44.000,44.000,44.000,44.000,12953
20251222T134200,44.000,44.000,44.000,44.000,1800
20251222T134300,44.000,44.000,44.000,44.000,2710
20251222T134400,44.000,44.000,44.000,44.000,3343
20251222T134500,44.000,44.000,44.000,44.000,1765
20251222T134600,44.000,44.000,44.000,44.000,2804
20251222T134700,44.000,44.000,44.000,44.000,3664
20251222T134800,44.000,44.000,44.000,44.000,6302
20251222T134900,44.000,44.000,44.000,44.000,5774
20251222T135000,44.000,44.000,44.000,44.000,1442
20251222T135100,44.000,44.000,44.000,44.000,1909
20251222T135200,44.000,44.000,44.000,44.000,2914
20251222T135300,44.000,44.000,44.000,44.000,3449
20251222T135400,44.000,44.000,44.000,44.000,12500
20251222T135500,44.000,44.000,44.000,44.000,2300
20251222T135600,44.000,44.000,44.000,44.000,4369
20251222T135700,44.000,44.000,44.000,44.000,1567
20251222T135800,44.000,44.000,44.000,44.000,10765
20251222T135900,44.000,44.000,44.000,44.000,488
20251222T140000,44.000,44.000,44.000,44.000,995
20251222T140100,44.000,44.000,44.000,44.000,3773
20251222T140200,44.000,44.000,44.000,44.000,3339
20251222T140300,44.000,44.000,44.000,44.000,1200
20251222T140400,44.000,44.000,44.000,44.000,25631
20251222T140500,44.000,44.000,44.000,44.000,1309
20251222T140600,44.000,44.000,44.000,44.000,1694
20251222T140700,44.000,44.000,44.000,44.000,1077
20251222T140900,44.000,44.000,44.000,44.000,8116
20251222T141000,44.000,44.000,44.000,44.000,10757
20251222T141100,44.000,44.000,44.000,44.000,1282
20251222T141200,44.000,44.000,44.000,44.000,700
20251222T141300,44.000,44.000,44.000,44.000,3151
20251222T141400,44.000,44.000,44.000,44.000,4388
20251222T141500,44.000,44.000,44.000,44.000,1566
20251222T141600,44.000,44.000,44.000,44.000,2454
20251222T141700,44.000,44.000,44.000,44.000,3471
20251222T141800,44.000,44.000,44.000,44.000,1122
20251222T141900,44.000,44.000,44.000,44.000,2385
20251222T142000,44.000,44.000,44.000,44.000,5719
20251222T142100,44.000,44.000,44.000,44.000,4471
20251222T142200,44.000,44.000,44.000,44.000,400
20251222T142300,44.000,44.000,44.000,44.000,37955
20251222T142400,44.000,44.000,44.000,44.000,132663
20251222T142500,44.000,44.000,44.000,44.000,2054
20251222T142600,44.000,44.000,44.000,44.000,3446
20251222T142700,44.000,44.000,44.000,44.000,22537
20251222T142800,44.000,44.000,44.000,44.000,49312
20251222T142900,44.000,44.000,44.000,44.000,400
20251222T143000,44.000,44.000,44.000,44.000,4056
20251222T143100,44.000,44.000,44.000,44.000,2164
20251222T143200,44.000,44.000,44.000,44.000,1600
20251222T143300,44.000,44.000,44.000,44.000,15404
20251222T143400,44.000,44.000,44.000,44.000,7729
20251222T143500,44.000,44.000,44.000,44.000,3198
20251222T143600,44.000,44.000,44.000,44.000,3760
20251222T143700,44.000,44.000,44.000,44.000,1010
20251222T143800,44.000,44.000,44.000,44.000,467
20251222T143900,44.000,44.000,44.000,44.000,7166
20251222T144000,44.000,44.000,44.000,44.000,4492
20251222T144100,44.000,44.000,44.000,44.000,3354
20251222T144200,44.000,44.000,44.000,44.000,4111
20251222T144300,44.000,44.000,44.000,44.000,5012
20251222T144400,44.000,44.000,44.000,44.000,1873
20251222T144500,44.000,44.000,44.000,44.000,2556
20251222T144600,44.000,44.000,44.000,44.000,9116
20251222T144700,44.000,44.000,44.000,44.000,1026
20251222T144800,44.000,44.000,44.000,44.000,1022
20251222T144900,44.000,44.000,44.000,44.000,8655
20251222T145000,44.000,44.000,44.000,44.000,2070
20251222T145100,44.000,44.000,44.000,44.000,7963
20251222T145200,44.000,44.000,44.000,44.000,4567
20251222T145300,44.000,44.000,44.000,44.000,4600
20251222T145400,44.000,44.000,44.000,44.000,7915
20251222T145500,44.000,44.000,44.000,44.000,5984
20251222T145600,44.000,44.000,44.000,44.000,7940
20251222T145700,44.000,44.000,44.000,44.000,5798
20251222T150000,44.000,44.000,44.000,44.000,54078
20251223T093100,44.000,44.000,44.000,44.000,30147
20251223T093200,44.000,44.000,44.000,44.000,38690
20251223T093300,44.000,44.000,44.000,44.000,15274
20251223T093400,44.000,44.000,44.000,44.000,6479
20251223T093500,44.000,44.000,44.000,44.000,27479
20251223T093600,44.000,44.000,44.000,44.000,18435
20251223T093700,44.000,44.000,43.000,44.000,6200
20251223T093800,44.000,44.000,44.000,44.000,12290
20251223T093900,44.000,44.000,43.000,44.000,8747
20251223T094000,44.000,44.000,44.000,44.000,3320
20251223T094100,44.000,44.000,44.000,44.000,9148
20251223T094200,44.000,44.000,44.000,44.000,13747
20251223T094300,44.000,44.000,44.000,44.000,3724
20251223T094400,44.000,44.000,44.000,44.000,4497
20251223T094500,44.000,44.000,44.000,44.000,10324
20251223T094600,44.000,44.000,44.000,44.000,13960
20251223T094700,44.000,44.000,44.000,44.000,6705
20251223T094800,44.000,44.000,44.000,44.000,65139
20251223T094900,44.000,44.000,44.000,44.000,75219
20251223T095000,44.000,44.000,44.000,44.000,51144
20251223T095100,44.000,44.000,44.000,44.000,42869
20251223T095200,44.000,44.000,44.000,44.000,16507
20251223T095300,44.000,45.000,44.000,45.000,125593
20251223T095400,45.000,45.000,45.000,45.000,95159
20251223T095500,45.000,45.000,45.000,45.000,48583
20251223T095600,45.000,45.000,45.000,45.000,25272
20251223T095700,45.000,45.000,45.000,45.000,77154
20251223T095800,45.000,45.000,45.000,45.000,23563
20251223T095900,45.000,45.000,45.000,45.000,23150
20251223T100000,45.000,45.000,45.000,45.000,14855
20251223T100100,45.000,45.000,45.000,45.000,39590
20251223T100200,45.000,45.000,45.000,45.000,31475
20251223T100300,45.000,45.000,45.000,45.000,35286
20251223T100400,45.000,45.000,45.000,45.000,10749
20251223T100500,45.000,45.000,45.000,45.000,28166
20251223T100600,45.000,45.000,45.000,45.000,22270
20251223T100700,45.000,45.000,45.000,45.000,53702
20251223T100800,45.000,45.000,45.000,45.000,17306
20251223T100900,45.000,45.000,45.000,45.000,59515
20251223T101000,45.000,45.000,45.000,45.000,32949
20251223T101100,45.000,45.000,45.000,45.000,28443
20251223T101200,45.000,45.000,45.000,45.000,16339
20251223T101300,45.000,45.000,45.000,45.000,38922
20251223T101400,45.000,45.000,45.000,45.000,7875
20251223T101500,45.000,45.000,45.000,45.000,15005
20251223T101600,45.000,45.000,45.000,45.000,12574
20251223T101700,45.000,45.000,45.000,45.000,2811
20251223T101800,45.000,45.000,45.000,45.000,18238
20251223T101900,45.000,45.000,45.000,45.000,7457
20251223T102000,45.000,45.000,45.000,45.000,21444
20251223T102100,45.000,45.000,45.000,45.000,11943
20251223T102200,45.000,45.000,45.000,45.000,8889
20251223T102300,45.000,45.000,45.000,45.000,10258
20251223T102400,45.000,45.000,45.000,45.000,13960
20251223T102500,45.000,45.000,45.000,45.000,22594
20251223T102600,45.000,45.000,45.000,45.000,8556
20251223T102700,45.000,45.000,45.000,45.000,7529
20251223T102800,45.000,45.000,45.000,45.000,11658
20251223T102900,45.000,45.000,45.000,45.000,18143
20251223T103000,45.000,45.000,45.000,45.000,10127
20251223T103100,45.000,45.000,45.000,45.000,9463
20251223T103200,45.000,45.000,45.000,45.000,15371
20251223T103300,45.000,45.000,45.000,45.000,6531
20251223T103400,45.000,45.000,45.000,45.000,9403
20251223T103500,45.000,45.000,45.000,45.000,12541
20251223T103600,45.000,45.000,45.000,45.000,9755
20251223T103700,45.000,45.000,45.000,45.000,21620
20251223T103800,45.000,45.000,45.000,45.000,13005
20251223T103900,45.000,45.000,45.000,45.000,9638
20251223T104000,45.000,45.000,45.000,45.000,5615
20251223T104100,45.000,45.000,45.000,45.000,8269
20251223T104200,45.000,45.000,45.000,45.000,11256
20251223T104300,45.000,45.000,45.000,45.000,9819
20251223T104400,45.000,45.000,45.000,45.000,6997
20251223T104500,45.000,45.000,45.000,45.000,83661
20251223T104600,45.000,45.000,44.000,44.000,81075
20251223T104700,44.000,44.000,44.000,44.000,11177
20251223T104800,44.000,44.000,44.000,44.000,4715
20251223T104900,44.000,44.000,44.000,44.000,14580
20251223T105000,44.000,44.000,44.000,44.000,2294
20251223T105100,44.000,44.000,44.000,44.000,13651
20251223T105200,44.000,44.000,44.000,44.000,2861
20251223T105300,44.000,44.000,44.000,44.000,6803
20251223T105400,44.000,44.000,44.000,44.000,2021
20251223T105500,44.000,44.000,44.000,44.000,408
20251223T105600,44.000,44.000,44.000,44.000,10959
20251223T105700,44.000,44.000,44.000,44.000,740
20251223T105800,44.000,44.000,44.000,44.000,200
20251223T105900,44.000,44.000,44.000,44.000,875
20251223T110000,44.000,44.000,44.000,44.000,16616
20251223T110100,44.000,44.000,44.000,44.000,858
20251223T110200,44.000,44.000,44.000,44.000,4531
20251223T110300,44.000,44.000,44.000,44.000,400
20251223T110400,44.000,44.000,44.000,44.000,200
20251223T110500,44.000,45.000,44.000,44.000,18785
20251223T110600,44.000,45.000,44.000,45.000,11756
20251223T110700,45.000,45.000,45.000,45.000,32481
20251223T110800,45.000,45.000,45.000,45.000,4565
20251223T110900,45.000,45.000,45.000,45.000,3101
20251223T111000,45.000,45.000,45.000,45.000,766
20251223T111100,45.000,45.000,45.000,45.000,1400
20251223T111200,45.000,45.000,45.000,45.000,735
20251223T111300,45.000,45.000,45.000,45.000,8452
20251223T111400,45.000,45.000,45.000,45.000,5110
20251223T111500,45.000,45.000,45.000,45.000,2255
20251223T111600,45.000,45.000,45.000,45.000,3095
20251223T111700,45.000,45.000,45.000,45.000,1720
20251223T111800,45.000,45.000,45.000,45.000,4033
20251223T111900,45.000,45.000,45.000,45.000,1228
20251223T112000,45.000,45.000,45.000,45.000,486
20251223T112100,45.000,45.000,45.000,45.000,5463
20251223T112200,45.000,45.000,45.000,45.000,2609
20251223T112300,45.000,45.000,45.000,45.000,24853
20251223T112400,45.000,45.000,45.000,45.000,475
20251223T112500,45.000,45.000,45.000,45.000,5731
20251223T112600,45.000,45.000,45.000,45.000,2183
20251223T112700,45.000,45.000,45.000,45.000,7662
20251223T112800,45.000,45.000,45.000,45.000,2362
20251223T112900,45.000,45.000,45.000,45.000,1699
20251223T113000,45.000,45.000,45.000,45.000,2444
20251223T130100,45.000,45.000,45.000,45.000,16467
20251223T130200,45.000,45.000,45.000,45.000,3200
20251223T130300,45.000,45.000,44.000,44.000,4969
20251223T130400,44.000,44.000,44.000,44.000,1705
20251223T130500,44.000,44.000,44.000,44.000,2430
20251223T130600,44.000,44.000,44.000,44.000,1650
20251223T130700,44.000,44.000,44.000,44.000,3351
20251223T130800,44.000,44.000,44.000,44.000,4014
20251223T130900,44.000,44.000,44.000,44.000,1400
20251223T131000,44.000,44.000,44.000,44.000,1554
20251223T131100,44.000,44.000,44.000,44.000,2000
20251223T131200,44.000,44.000,44.000,44.000,2174
20251223T131300,44.000,44.000,44.000,44.000,2984
20251223T131400,44.000,44.000,44.000,44.000,1404
20251223T131500,44.000,44.000,44.000,44.000,1818
20251223T131600,44.000,44.000,44.000,44.000,2993
20251223T131700,44.000,44.000,44.000,44.000,900
20251223T131800,44.000,44.000,44.000,44.000,7684
20251223T131900,44.000,44.000,44.000,44.000,1851
20251223T132000,44.000,44.000,44.000,44.000,11975
20251223T132100,44.000,44.000,44.000,44.000,6229
20251223T132200,44.000,44.000,44.000,44.000,27525
20251223T132300,44.000,44.000,44.000,44.000,14812
20251223T132400,44.000,44.000,44.000,44.000,984
20251223T132500,44.000,44.000,44.000,44.000,1127
20251223T132600,44.000,44.000,44.000,44.000,3576
20251223T132700,44.000,44.000,44.000,44.000,11591
20251223T132800,44.000,44.000,44.000,44.000,2288
20251223T132900,44.000,44.000,44.000,44.000,5178
20251223T133000,44.000,44.000,44.000,44.000,4120
20251223T133100,44.000,44.000,44.000,44.000,4990
20251223T133200,44.000,44.000,44.000,44.000,1311
20251223T133300,44.000,44.000,44.000,44.000,900
20251223T133400,44.000,44.000,44.000,44.000,1160
20251223T133500,44.000,44.000,44.000,44.000,6851
20251223T133600,44.000,44.000,44.000,44.000,2053
20251223T133700,44.000,44.000,44.000,44.000,200
20251223T133800,44.000,44.000,44.000,44.000,1401
20251223T133900,44.000,44.000,44.000,44.000,8016
20251223T134000,44.000,44.000,44.000,44.000,12445
20251223T134100,44.000,44.000,44.000,44.000,1238
20251223T134200,44.000,45.000,44.000,44.000,2389
20251223T134300,44.000,45.000,44.000,45.000,1101
20251223T134400,44.000,45.000,44.000,45.000,5669
20251223T134500,45.000,45.000,45.000,45.000,1184
20251223T134600,45.000,45.000,44.000,45.000,7841
20251223T134700,45.000,45.000,45.000,45.000,1400
20251223T134800,45.000,45.000,45.000,45.000,28634
20251223T134900,45.000,45.000,45.000,45.000,1800
20251223T135000,45.000,45.000,45.000,45.000,1673
20251223T135100,45.000,45.000,45.000,45.000,1439
20251223T135200,45.000,45.000,44.000,44.000,12150
20251223T135300,44.000,44.000,44.000,44.000,2739
20251223T135400,44.000,44.000,44.000,44.000,2467
20251223T135500,44.000,44.000,44.000,44.000,7363
20251223T135600,44.000,44.000,44.000,44.000,4305
20251223T135700,44.000,44.000,44.000,44.000,2927
20251223T135800,44.000,44.000,44.000,44.000,3720
20251223T135900,44.000,44.000,44.000,44.000,9293
20251223T140000,44.000,44.000,44.000,44.000,7036
20251223T140100,44.000,44.000,44.000,44.000,4856
20251223T140200,44.000,44.000,44.000,44.000,5862
20251223T140300,44.000,44.000,44.000,44.000,3336
20251223T140400,44.000,44.000,44.000,44.000,13251
20251223T140500,44.000,44.000,44.000,44.000,500
20251223T140600,44.000,44.000,44.000,44.000,1130
20251223T140700,44.000,44.000,44.000,44.000,2782
20251223T140800,44.000,44.000,44.000,44.000,13946
20251223T140900,44.000,44.000,44.000,44.000,705
20251223T141000,44.000,44.000,44.000,44.000,9513
20251223T141100,44.000,44.000,44.000,44.000,54271
20251223T141200,44.000,44.000,44.000,44.000,7121
20251223T141300,44.000,44.000,44.000,44.000,5043
20251223T141400,44.000,44.000,44.000,44.000,4087
20251223T141500,44.000,44.000,44.000,44.000,1944
20251223T141600,44.000,44.000,44.000,44.000,11226
20251223T141700,44.000,44.000,44.000,44.000,9184
20251223T141800,44.000,44.000,44.000,44.000,4468
20251223T141900,44.000,44.000,44.000,44.000,2500
20251223T142000,44.000,44.000,44.000,44.000,4705
20251223T142100,44.000,44.000,44.000,44.000,3303
20251223T142200,44.000,44.000,44.000,44.000,700
20251223T142300,44.000,44.000,44.000,44.000,3541
20251223T142400,44.000,44.000,44.000,44.000,8909
20251223T142500,44.000,44.000,44.000,44.000,2387
20251223T142600,44.000,44.000,44.000,44.000,2318
20251223T142700,44.000,44.000,44.000,44.000,1943
20251223T142800,44.000,44.000,44.000,44.000,2087
20251223T142900,44.000,44.000,44.000,44.000,3908
20251223T143000,44.000,44.000,44.000,44.000,3514
20251223T143100,44.000,44.000,44.000,44.000,2183
20251223T143200,44.000,44.000,44.000,44.000,7850
20251223T143300,44.000,44.000,44.000,44.000,5601
20251223T143400,44.000,44.000,44.000,44.000,4618
20251223T143500,44.000,44.000,44.000,44.000,3797
20251223T143600,44.000,44.000,44.000,44.000,6201
20251223T143700,44.000,44.000,44.000,44.000,1456
20251223T143800,44.000,44.000,44.000,44.000,9859
20251223T143900,44.000,44.000,44.000,44.000,6394
20251223T144000,44.000,44.000,44.000,44.000,25306
20251223T144100,44.000,44.000,44.000,44.000,9466
20251223T144200,44.000,44.000,44.000,44.000,29139
20251223T144300,44.000,44.000,44.000,44.000,3932
20251223T144400,44.000,44.000,44.000,44.000,3998
20251223T144500,44.000,44.000,44.000,44.000,10816
20251223T144600,44.000,44.000,44.000,44.000,47767
20251223T144700,44.000,44.000,44.000,44.000,5264
20251223T144800,44.000,44.000,44.000,44.000,2714
20251223T144900,44.000,44.000,44.000,44.000,4336
20251223T145000,44.000,44.000,44.000,44.000,4057
20251223T145100,44.000,44.000,44.000,44.000,4602
20251223T145200,44.000,44.000,44.000,44.000,7207
20251223T145300,44.000,44.000,44.000,44.000,7547
20251223T145400,44.000,44.000,44.000,44.000,8361
20251223T145500,44.000,44.000,44.000,44.000,3901
20251223T145600,44.000,44.000,44.000,44.000,10132
20251223T145700,44.000,44.000,44.000,44.000,7163
20251223T150000,44.000,44.000,44.000,44.000,13609
20251224T093100,44.000,44.000,44.000,44.000,41108
20251224T093200,44.000,44.000,44.000,44.000,31838
20251224T093300,44.000,44.000,44.000,44.000,8920
20251224T093400,44.000,44.000,44.000,44.000,9958
20251224T093500,44.000,44.000,44.000,44.000,15696
20251224T093600,44.000,45.000,44.000,45.000,17231
20251224T093700,45.000,45.000,45.000,45.000,69726
20251224T093800,45.000,45.000,45.000,45.000,47241
20251224T093900,45.000,45.000,45.000,45.000,57608
20251224T094000,45.000,45.000,45.000,45.000,42405
20251224T094100,45.000,45.000,45.000,45.000,76616
20251224T094200,45.000,46.000,45.000,46.000,151038
20251224T094300,46.000,46.000,46.000,46.000,74281
20251224T094400,46.000,46.000,46.000,46.000,74814
20251224T094500,46.000,46.000,46.000,46.000,54725
20251224T094600,46.000,46.000,46.000,46.000,44380
20251224T094700,46.000,46.000,46.000,46.000,93236
20251224T094800,46.000,46.000,46.000,46.000,111450
20251224T094900,46.000,47.000,46.000,46.000,208921
20251224T095000,46.000,46.000,46.000,46.000,38750
20251224T095100,46.000,47.000,46.000,47.000,132620
20251224T095200,47.000,47.000,47.000,47.000,98151
20251224T095300,47.000,47.000,46.000,47.000,76756
20251224T095400,46.000,47.000,46.000,47.000,44179
20251224T095500,47.000,47.000,46.000,46.000,88253
20251224T095600,46.000,47.000,46.000,46.000,52852
20251224T095700,46.000,46.000,46.000,46.000,65403
20251224T095800,46.000,46.000,46.000,46.000,65003
20251224T095900,46.000,46.000,46.000,46.000,27910
20251224T100000,46.000,46.000,46.000,46.000,15363
20251224T100100,46.000,46.000,46.000,46.000,48233
20251224T100200,46.000,47.000,46.000,47.000,83635
20251224T100300,47.000,47.000,47.000,47.000,51916
20251224T100400,47.000,47.000,47.000,47.000,22488
20251224T100500,47.000,47.000,47.000,47.000,10135
20251224T100600,47.000,47.000,46.000,46.000,10523
20251224T100700,46.000,46.000,46.000,46.000,10790
20251224T100800,46.000,46.000,46.000,46.000,10732
20251224T100900,46.000,47.000,46.000,47.000,59789
20251224T101000,47.000,47.000,46.000,46.000,5063
20251224T101100,47.000,47.000,46.000,47.000,10712
20251224T101200,47.000,47.000,47.000,47.000,43986
20251224T101300,47.000,47.000,46.000,46.000,7459
20251224T101400,47.000,47.000,46.000,47.000,7992
20251224T101500,46.000,46.000,46.000,46.000,13736
20251224T101600,46.000,46.000,46.000,46.000,12340
20251224T101700,46.000,46.000,46.000,46.000,34940
20251224T101800,46.000,46.000,46.000,46.000,12957
20251224T101900,46.000,46.000,46.000,46.000,18248
20251224T102000,46.000,46.000,46.000,46.000,5550
20251224T102100,46.000,47.000,46.000,46.000,9315
20251224T102200,47.000,47.000,47.000,47.000,5603
20251224T102300,47.000,47.000,46.000,47.000,17940
20251224T102400,47.000,47.000,46.000,46.000,8434
20251224T102500,46.000,47.000,46.000,46.000,11756
20251224T102600,47.000,47.000,46.000,46.000,5051
20251224T102700,46.000,46.000,46.000,46.000,5817
20251224T102800,46.000,46.000,46.000,46.000,4417
20251224T102900,46.000,46.000,46.000,46.000,1643
20251224T103000,46.000,47.000,46.000,47.000,6158
20251224T103100,47.000,47.000,46.000,46.000,1346
20251224T103200,46.000,46.000,46.000,46.000,8667
20251224T103300,46.000,47.000,46.000,47.000,4380
20251224T103400,47.000,47.000,46.000,46.000,4644
20251224T103500,46.000,47.000,46.000,47.000,2906
20251224T103600,46.000,47.000,46.000,47.000,87140
20251224T103700,47.000,47.000,47.000,47.000,3401
20251224T103800,47.000,47.000,47.000,47.000,800
20251224T103900,47.000,47.000,47.000,47.000,401
20251224T104000,47.000,47.000,46.000,46.000,11768
20251224T104100,46.000,47.000,46.000,47.000,5200
20251224T104200,47.000,47.000,46.000,46.000,1789
20251224T104300,47.000,47.000,46.000,46.000,839
20251224T104400,46.000,46.000,46.000,46.000,4325
20251224T104500,46.000,46.000,46.000,46.000,16837
20251224T104600,46.000,46.000,46.000,46.000,5535
20251224T104700,46.000,46.000,46.000,46.000,2446
20251224T104800,46.000,46.000,46.000,46.000,1300
20251224T104900,46.000,47.000,46.000,47.000,3815
20251224T105000,47.000,47.000,47.000,47.000,22529
20251224T105100,47.000,47.000,47.000,47.000,11351
20251224T105200,47.000,47.000,47.000,47.000,18540
20251224T105300,47.000,47.000,47.000,47.000,4817
20251224T105400,47.000,47.000,47.000,47.000,3649
20251224T105500,47.000,47.000,47.000,47.000,34581
20251224T105600,47.000,47.000,47.000,47.000,7611
20251224T105700,47.000,47.000,46.000,47.000,5955
20251224T105800,47.000,47.000,47.000,47.000,1165
20251224T105900,47.000,47.000,47.000,47.000,1275
20251224T110000,47.000,47.000,47.000,47.000,999
20251224T110100,47.000,47.000,47.000,47.000,3978
20251224T110200,47.000,47.000,47.000,47.000,3008
20251224T110300,47.000,47.000,47.000,47.000,4796
20251224T110400,47.000,47.000,47.000,47.000,5646
20251224T110500,47.000,47.000,47.000,47.000,2022
20251224T110600,47.000,47.000,47.000,47.000,6389
20251224T110700,47.000,47.000,47.000,47.000,2275
20251224T110800,47.000,47.000,47.000,47.000,1312
20251224T110900,47.000,47.000,47.000,47.000,6828
20251224T111000,47.000,47.000,47.000,47.000,7273
20251224T111100,47.000,47.000,47.000,47.000,1696
20251224T111200,47.000,47.000,47.000,47.000,4985
20251224T111300,47.000,47.000,47.000,47.000,8818
20251224T111400,47.000,47.000,47.000,47.000,8271
20251224T111500,47.000,47.000,47.000,47.000,1285
20251224T111600,47.000,47.000,47.000,47.000,9778
20251224T111700,47.000,47.000,47.000,47.000,11771
20251224T111800,47.000,47.000,47.000,47.000,1352
20251224T111900,47.000,47.000,47.000,47.000,402
20251224T112000,47.000,47.000,46.000,46.000,19071
20251224T112100,46.000,46.000,46.000,46.000,297
20251224T112200,46.000,46.000,46.000,46.000,3696
20251224T112300,46.000,46.000,46.000,46.000,200
20251224T112400,46.000,46.000,46.000,46.000,6695
20251224T112500,47.000,47.000,46.000,46.000,17814
20251224T112600,46.000,47.000,46.000,47.000,800
20251224T112700,47.000,47.000,46.000,46.000,6170
20251224T112800,46.000,47.000,46.000,47.000,11166
20251224T112900,47.000,47.000,47.000,47.000,631
20251224T113000,47.000,47.000,46.000,46.000,8556
20251224T130100,47.000,47.000,46.000,47.000,78789
20251224T130200,47.000,47.000,46.000,46.000,32809
20251224T130300,46.000,46.000,46.000,46.000,846
20251224T130400,46.000,46.000,46.000,46.000,4571
20251224T130500,46.000,46.000,46.000,46.000,1341
20251224T130600,46.000,46.000,46.000,46.000,3536
20251224T130700,46.000,46.000,46.000,46.000,23398
20251224T130800,46.000,46.000,46.000,46.000,2200
20251224T130900,46.000,46.000,46.000,46.000,7165
20251224T131000,46.000,46.000,46.000,46.000,2029
20251224T131100,46.000,46.000,46.000,46.000,7865
20251224T131200,46.000,46.000,46.000,46.000,8202
20251224T131300,46.000,46.000,46.000,46.000,16873
20251224T131400,46.000,46.000,46.000,46.000,1401
20251224T131500,46.000,46.000,46.000,46.000,6035
20251224T131600,46.000,46.000,46.000,46.000,2597
20251224T131700,46.000,46.000,46.000,46.000,10054
20251224T131800,46.000,46.000,46.000,46.000,830
20251224T131900,46.000,46.000,46.000,46.000,2700
20251224T132000,46.000,46.000,46.000,46.000,2002
20251224T132100,46.000,46.000,46.000,46.000,2528
20251224T132200,46.000,46.000,46.000,46.000,3655
20251224T132300,46.000,46.000,46.000,46.000,4961
20251224T132400,46.000,46.000,46.000,46.000,3261
20251224T132500,46.000,46.000,46.000,46.000,6280
20251224T132600,46.000,46.000,46.000,46.000,24802
20251224T132700,46.000,46.000,46.000,46.000,23932
20251224T132800,46.000,46.000,46.000,46.000,5754
20251224T132900,46.000,46.000,46.000,46.000,4378
20251224T133000,46.000,46.000,46.000,46.000,4468
20251224T133100,46.000,46.000,46.000,46.000,5152
20251224T133200,46.000,46.000,46.000,46.000,17690
20251224T133300,46.000,47.000,46.000,47.000,36615
20251224T133400,47.000,47.000,47.000,47.000,4714
20251224T133500,47.000,47.000,46.000,46.000,3939
20251224T133600,46.000,47.000,46.000,47.000,5525
20251224T133700,47.000,47.000,46.000,46.000,3296
20251224T133800,46.000,46.000,46.000,46.000,3530
20251224T133900,46.000,47.000,46.000,46.000,5688
20251224T134000,46.000,47.000,46.000,47.000,4012
20251224T134100,46.000,47.000,46.000,46.000,53584
20251224T134200,46.000,46.000,46.000,46.000,11051
20251224T134300,46.000,46.000,46.000,46.000,11065
20251224T134400,46.000,46.000,46.000,46.000,7157
20251224T134500,46.000,46.000,46.000,46.000,4087
20251224T134600,46.000,46.000,46.000,46.000,8152
20251224T134700,46.000,46.000,46.000,46.000,3718
20251224T134800,46.000,46.000,46.000,46.000,4975
20251224T134900,46.000,46.000,46.000,46.000,5137
20251224T135000,46.000,46.000,46.000,46.000,10055
20251224T135100,46.000,46.000,46.000,46.000,6755
20251224T135200,46.000,46.000,46.000,46.000,3703
20251224T135300,46.000,46.000,46.000,46.000,16093
20251224T135400,46.000,46.000,46.000,46.000,6648
20251224T135500,46.000,46.000,46.000,46.000,7404
20251224T135600,46.000,46.000,46.000,46.000,4364
20251224T135700,46.000,46.000,46.000,46.000,10104
20251224T135800,46.000,46.000,46.000,46.000,33813
20251224T135900,46.000,46.000,46.000,46.000,3171
20251224T140000,46.000,46.000,46.000,46.000,3142
20251224T140100,46.000,46.000,46.000,46.000,8501
20251224T140200,46.000,46.000,46.000,46.000,7013
20251224T140300,46.000,46.000,46.000,46.000,3895
20251224T140400,46.000,46.000,46.000,46.000,460
20251224T140500,46.000,46.000,46.000,46.000,1626
20251224T140600,46.000,46.000,46.000,46.000,11812
20251224T140700,46.000,46.000,46.000,46.000,19110
20251224T140800,46.000,46.000,46.000,46.000,17728
20251224T140900,46.000,46.000,46.000,46.000,9078
20251224T141000,46.000,46.000,46.000,46.000,6210
20251224T141100,46.000,46.000,46.000,46.000,4414
20251224T141200,46.000,46.000,46.000,46.000,4608
20251224T141300,46.000,46.000,46.000,46.000,4797
20251224T141400,46.000,46.000,46.000,46.000,3896
20251224T141500,46.000,46.000,46.000,46.000,5163
20251224T141600,46.000,46.000,46.000,46.000,1895
20251224T141700,46.000,46.000,46.000,46.000,4180
20251224T141800,46.000,46.000,46.000,46.000,7176
20251224T141900,46.000,46.000,46.000,46.000,5083
20251224T142000,46.000,46.000,46.000,46.000,3127
20251224T142100,46.000,46.000,46.000,46.000,6046
20251224T142200,46.000,46.000,46.000,46.000,9694
20251224T142300,46.000,46.000,46.000,46.000,6271
20251224T142400,46.000,46.000,46.000,46.000,4886
20251224T142500,46.000,46.000,46.000,46.000,4527
20251224T142600,46.000,46.000,46.000,46.000,3130
20251224T142700,46.000,46.000,46.000,46.000,5453
20251224T142800,46.000,46.000,46.000,46.000,12637
20251224T142900,46.000,46.000,46.000,46.000,7250
20251224T143000,46.000,46.000,46.000,46.000,15347
20251224T143100,46.000,46.000,46.000,46.000,10941
20251224T143200,46.000,46.000,46.000,46.000,6000
20251224T143300,46.000,46.000,46.000,46.000,13896
20251224T143400,46.000,46.000,46.000,46.000,4675
20251224T143500,46.000,46.000,46.000,46.000,9435
20251224T143600,46.000,46.000,46.000,46.000,3896
20251224T143700,46.000,46.000,46.000,46.000,6515
20251224T143800,46.000,46.000,46.000,46.000,2100
20251224T143900,46.000,46.000,46.000,46.000,35677
20251224T144000,46.000,46.000,46.000,46.000,5947
20251224T144100,46.000,46.000,46.000,46.000,49624
20251224T144200,46.000,46.000,46.000,46.000,3878
20251224T144300,46.000,46.000,46.000,46.000,24914
20251224T144400,46.000,46.000,46.000,46.000,43228
20251224T144500,46.000,46.000,46.000,46.000,10842
20251224T144600,46.000,46.000,46.000,46.000,8721
20251224T144700,46.000,46.000,46.000,46.000,4515
20251224T144800,46.000,46.000,46.000,46.000,11269
20251224T144900,46.000,46.000,46.000,46.000,4284
20251224T145000,46.000,46.000,46.000,46.000,13265
20251224T145100,46.000,46.000,46.000,46.000,15528
20251224T145200,46.000,46.000,46.000,46.000,5161
20251224T145300,46.000,46.000,46.000,46.000,5552
20251224T145400,46.000,46.000,46.000,46.000,24393
20251224T145500,46.000,46.000,46.000,46.000,16124
20251224T145600,46.000,46.000,46.000,46.000,15683
20251224T145700,46.000,46.000,46.000,46.000,16549
20251224T150000,46.000,46.000,46.000,46.000,31473
20251225T093100,47.000,47.000,46.000,46.000,45628
20251225T093200,46.000,47.000,46.000,46.000,20139
20251225T093300,46.000,46.000,46.000,46.000,28306
20251225T093400,46.000,46.000,46.000,46.000,12951
20251225T093500,46.000,46.000,46.000,46.000,21381
20251225T093600,46.000,46.000,46.000,46.000,22925
20251225T093700,46.000,46.000,46.000,46.000,5397
20251225T093800,46.000,46.000,46.000,46.000,11969
20251225T093900,46.000,46.000,46.000,46.000,6658
20251225T094000,46.000,46.000,46.000,46.000,8419
20251225T094100,46.000,46.000,46.000,46.000,6064
20251225T094200,46.000,46.000,46.000,46.000,6554
20251225T094300,46.000,46.000,46.000,46.000,33551
20251225T094400,46.000,46.000,46.000,46.000,98885
20251225T094500,46.000,46.000,46.000,46.000,8571
20251225T094600,46.000,46.000,46.000,46.000,9717
20251225T094700,46.000,46.000,46.000,46.000,13424
20251225T094800,46.000,46.000,46.000,46.000,15523
20251225T094900,46.000,46.000,46.000,46.000,4293
20251225T095000,46.000,46.000,46.000,46.000,12859
20251225T095100,46.000,46.000,46.000,46.000,10631
20251225T095200,46.000,46.000,46.000,46.000,7737
20251225T095300,46.000,46.000,46.000,46.000,12790
20251225T095400,46.000,46.000,46.000,46.000,9660
20251225T095500,46.000,46.000,46.000,46.000,6940
20251225T095600,46.000,46.000,46.000,46.000,5970
20251225T095700,46.000,46.000,46.000,46.000,4172
20251225T095800,46.000,46.000,46.000,46.000,5877
20251225T095900,46.000,46.000,46.000,46.000,2829
20251225T100000,46.000,46.000,46.000,46.000,7427
20251225T100100,46.000,46.000,46.000,46.000,10571
20251225T100200,46.000,46.000,46.000,46.000,12039
20251225T100300,46.000,46.000,46.000,46.000,2800
20251225T100400,46.000,46.000,46.000,46.000,7110
20251225T100500,46.000,47.000,46.000,46.000,18567
20251225T100600,47.000,47.000,46.000,46.000,5107
20251225T100700,46.000,47.000,46.000,47.000,50534
20251225T100800,47.000,47.000,46.000,47.000,8833
20251225T100900,47.000,47.000,46.000,46.000,1976
20251225T101000,47.000,47.000,47.000,47.000,30685
20251225T101100,47.000,47.000,47.000,47.000,27245
20251225T101200,47.000,47.000,47.000,47.000,92021
20251225T101300,47.000,47.000,47.000,47.000,12078
20251225T101400,47.000,47.000,47.000,47.000,22911
20251225T101500,47.000,47.000,47.000,47.000,100789
20251225T101600,47.000,47.000,47.000,47.000,33280
20251225T101700,47.000,48.000,47.000,47.000,45371
20251225T101800,47.000,48.000,47.000,47.000,47129
20251225T101900,47.000,47.000,47.000,47.000,119348
20251225T102000,47.000,47.000,47.000,47.000,36488
20251225T102100,47.000,47.000,47.000,47.000,10680
20251225T102200,47.000,47.000,47.000,47.000,9568
20251225T102300,47.000,47.000,47.000,47.000,6406
20251225T102400,47.000,47.000,47.000,47.000,23152
20251225T102500,47.000,47.000,47.000,47.000,17521
20251225T102600,47.000,47.000,47.000,47.000,20810
20251225T102700,47.000,47.000,47.000,47.000,18971
20251225T102800,47.000,48.000,47.000,48.000,42104
20251225T102900,48.000,48.000,48.000,48.000,34382
20251225T103000,48.000,48.000,48.000,48.000,60886
20251225T103100,48.000,48.000,48.000,48.000,41315
20251225T103200,48.000,48.000,48.000,48.000,23378
20251225T103300,48.000,48.000,48.000,48.000,12408
20251225T103400,48.000,48.000,48.000,48.000,45858
20251225T103500,48.000,48.000,48.000,48.000,44923
20251225T103600,48.000,48.000,48.000,48.000,8532
20251225T103700,48.000,48.000,48.000,48.000,65423
20251225T103800,48.000,48.000,48.000,48.000,62373
20251225T103900,48.000,48.000,48.000,48.000,19146
20251225T104000,48.000,48.000,48.000,48.000,30229
20251225T104100,48.000,48.000,48.000,48.000,10529
20251225T104200,48.000,48.000,48.000,48.000,40538
20251225T104300,48.000,48.000,48.000,48.000,14714
20251225T104400,48.000,48.000,48.000,48.000,37334
20251225T104500,48.000,48.000,48.000,48.000,9781
20251225T104600,48.000,48.000,48.000,48.000,9018
20251225T104700,48.000,48.000,48.000,48.000,6718
20251225T104800,48.000,48.000,48.000,48.000,3000
20251225T104900,48.000,48.000,48.000,48.000,3776
20251225T105000,48.000,48.000,48.000,48.000,44067
20251225T105100,48.000,48.000,48.000,48.000,55407
20251225T105200,48.000,48.000,48.000,48.000,4293
20251225T105300,48.000,48.000,48.000,48.000,15980
20251225T105400,48.000,48.000,48.000,48.000,30560
20251225T105500,48.000,48.000,48.000,48.000,8696
20251225T105600,48.000,48.000,48.000,48.000,18733
20251225T105700,48.000,48.000,48.000,48.000,6831
20251225T105800,48.000,48.000,48.000,48.000,26101
20251225T105900,48.000,48.000,48.000,48.000,17631
20251225T110000,48.000,48.000,48.000,48.000,2715
20251225T110100,48.000,48.000,48.000,48.000,14157
20251225T110200,48.000,48.000,48.000,48.000,9516
20251225T110300,48.000,48.000,48.000,48.000,14862
20251225T110400,48.000,48.000,48.000,48.000,1831
20251225T110500,48.000,48.000,48.000,48.000,9326
20251225T110600,48.000,48.000,48.000,48.000,5240
20251225T110700,48.000,48.000,48.000,48.000,80927
20251225T110900,48.000,48.000,48.000,48.000,11978
20251225T111000,48.000,48.000,48.000,48.000,2204
20251225T111100,48.000,48.000,48.000,48.000,4495
20251225T111200,48.000,48.000,48.000,48.000,13513
20251225T111300,48.000,48.000,48.000,48.000,2142
20251225T111400,48.000,48.000,48.000,48.000,2826
20251225T111500,48.000,48.000,48.000,48.000,6313
20251225T111600,48.000,48.000,48.000,48.000,18359
20251225T111700,48.000,48.000,48.000,48.000,16277
20251225T111800,48.000,48.000,48.000,48.000,2294
20251225T111900,48.000,48.000,48.000,48.000,2080
20251225T112000,48.000,48.000,48.000,48.000,5964
20251225T112100,48.000,48.000,48.000,48.000,10827
20251225T112200,48.000,48.000,48.000,48.000,3569
20251225T112300,48.000,48.000,48.000,48.000,11135
20251225T112400,48.000,48.000,48.000,48.000,24176
20251225T112500,48.000,48.000,48.000,48.000,1800
20251225T112600,48.000,48.000,48.000,48.000,890
20251225T112700,48.000,48.000,48.000,48.000,1879
20251225T112800,48.000,48.000,48.000,48.000,1536
20251225T112900,48.000,48.000,48.000,48.000,5622
20251225T113000,48.000,48.000,48.000,48.000,1911
20251225T130100,48.000,48.000,48.000,48.000,225342
20251225T130200,48.000,49.000,48.000,49.000,32625
20251225T130300,49.000,49.000,49.000,49.000,29335
20251225T130400,49.000,49.000,49.000,49.000,28526
20251225T130500,49.000,49.000,49.000,49.000,21595
20251225T130600,48.000,48.000,48.000,48.000,18306
20251225T130700,48.000,48.000,48.000,48.000,14776
20251225T130800,48.000,48.000,48.000,48.000,60307
20251225T130900,48.000,48.000,48.000,48.000,9393
20251225T131000,49.000,49.000,49.000,49.000,87294
20251225T131100,49.000,49.000,49.000,49.000,5870
20251225T131200,49.000,49.000,49.000,49.000,21034
20251225T131300,49.000,49.000,48.000,48.000,10552
20251225T131400,48.000,49.000,48.000,49.000,18128
20251225T131500,49.000,49.000,49.000,49.000,1666
20251225T131600,49.000,49.000,49.000,49.000,17795
20251225T131700,49.000,49.000,49.000,49.000,4355
20251225T131800,49.000,49.000,49.000,49.000,18308
20251225T131900,49.000,49.000,49.000,49.000,36198
20251225T132000,49.000,49.000,49.000,49.000,9242
20251225T132100,49.000,49.000,49.000,49.000,21162
20251225T132200,49.000,49.000,49.000,49.000,53249
20251225T132300,49.000,49.000,49.000,49.000,42924
20251225T132400,49.000,49.000,49.000,49.000,45810
20251225T132500,49.000,49.000,49.000,49.000,27420
20251225T132600,49.000,49.000,49.000,49.000,5907
20251225T132700,49.000,49.000,49.000,49.000,15175
20251225T132800,49.000,49.000,49.000,49.000,8583
20251225T132900,49.000,49.000,49.000,49.000,16728
20251225T133000,49.000,49.000,49.000,49.000,8449
20251225T133100,49.000,49.000,49.000,49.000,14243
20251225T133200,49.000,49.000,49.000,49.000,58591
20251225T133300,49.000,49.000,49.000,49.000,6994
20251225T133400,49.000,49.000,49.000,49.000,8613
20251225T133500,49.000,49.000,49.000,49.000,38838
20251225T133600,49.000,49.000,49.000,49.000,4053
20251225T133700,49.000,49.000,49.000,49.000,18099
20251225T133800,49.000,49.000,49.000,49.000,7273
20251225T133900,49.000,49.000,49.000,49.000,18439
20251225T134000,49.000,49.000,49.000,49.000,12597
20251225T134100,49.000,49.000,49.000,49.000,4762
20251225T134200,49.000,49.000,49.000,49.000,5158
20251225T134300,49.000,49.000,49.000,49.000,17463
20251225T134400,49.000,49.000,49.000,49.000,5362
20251225T134500,49.000,49.000,49.000,49.000,12346
20251225T134600,49.000,49.000,49.000,49.000,19361
20251225T134700,49.000,49.000,49.000,49.000,58104
20251225T134800,49.000,49.000,49.000,49.000,20218
20251225T134900,49.000,49.000,48.000,48.000,33022
20251225T135000,48.000,48.000,48.000,48.000,15754
20251225T135100,48.000,49.000,48.000,49.000,5779
20251225T135200,49.000,49.000,49.000,49.000,3039
20251225T135300,49.000,49.000,48.000,49.000,19050
20251225T135400,49.000,49.000,49.000,49.000,10912
20251225T135500,49.000,49.000,49.000,49.000,13693
20251225T135600,49.000,49.000,48.000,49.000,9296
20251225T135700,48.000,48.000,48.000,48.000,3660
20251225T135800,48.000,48.000,48.000,48.000,20007
20251225T135900,48.000,48.000,48.000,48.000,4490
20251225T140000,48.000,48.000,48.000,48.000,12594
20251225T140100,48.000,49.000,48.000,49.000,20961
20251225T140200,49.000,49.000,49.000,49.000,13116
20251225T140300,48.000,48.000,48.000,48.000,7525
20251225T140400,48.000,49.000,48.000,49.000,8762
20251225T140500,49.000,49.000,48.000,49.000,18519
20251225T140600,49.000,49.000,48.000,49.000,5579
20251225T140700,49.000,49.000,48.000,48.000,17496
20251225T140800,49.000,49.000,48.000,48.000,4246
20251225T140900,48.000,49.000,48.000,48.000,8569
20251225T141000,48.000,48.000,48.000,48.000,4461
20251225T141100,48.000,48.000,48.000,48.000,8436
20251225T141200,48.000,48.000,48.000,48.000,8640
20251225T141300,48.000,49.000,48.000,49.000,8715
20251225T141400,49.000,49.000,49.000,49.000,6194
20251225T141500,49.000,49.000,49.000,49.000,10340
20251225T141600,49.000,49.000,48.000,48.000,3242
20251225T141700,48.000,48.000,48.000,48.000,708
20251225T141800,48.000,49.000,48.000,49.000,4678
20251225T141900,49.000,49.000,48.000,48.000,6790
20251225T142000,48.000,48.000,48.000,48.000,16219
20251225T142100,48.000,49.000,48.000,49.000,6748
20251225T142200,48.000,48.000,48.000,48.000,5310
20251225T142300,48.000,48.000,48.000,48.000,3500
20251225T142400,48.000,48.000,48.000,48.000,5946
20251225T142500,48.000,49.000,48.000,49.000,11311
20251225T142600,49.000,49.000,48.000,48.000,4815
20251225T142700,48.000,48.000,48.000,48.000,7112
20251225T142800,48.000,48.000,48.000,48.000,26678
20251225T142900,48.000,48.000,48.000,48.000,7839
20251225T143000,48.000,48.000,48.000,48.000,8002
20251225T143100,48.000,48.000,48.000,48.000,18492
20251225T143200,48.000,48.000,48.000,48.000,16930
20251225T143300,48.000,48.000,48.000,48.000,25435
20251225T143400,48.000,48.000,48.000,48.000,14445
20251225T143500,48.000,48.000,48.000,48.000,8243
20251225T143600,48.000,48.000,48.000,48.000,18092
20251225T143700,48.000,48.000,48.000,48.000,13014
20251225T143800,48.000,48.000,48.000,48.000,3273
20251225T143900,48.000,48.000,48.000,48.000,6563
20251225T144000,48.000,48.000,48.000,48.000,12148
20251225T144100,48.000,48.000,48.000,48.000,18476
20251225T144200,48.000,48.000,48.000,48.000,12293
20251225T144300,48.000,48.000,48.000,48.000,23039
20251225T144400,48.000,48.000,48.000,48.000,42355
20251225T144500,48.000,49.000,48.000,49.000,55086
20251225T144600,48.000,49.000,48.000,48.000,25151
20251225T144700,48.000,49.000,48.000,49.000,21898
20251225T144800,49.000,49.000,48.000,48.000,15996
20251225T144900,48.000,48.000,48.000,48.000,7422
20251225T145000,48.000,49.000,48.000,48.000,21928
20251225T145100,49.000,49.000,48.000,48.000,44680
20251225T145200,48.000,49.000,48.000,48.000,8800
20251225T145300,48.000,49.000,48.000,48.000,6402
20251225T145400,48.000,48.000,48.000,48.000,4600
20251225T145500,48.000,48.000,48.000,48.000,6349
20251225T145600,48.000,48.000,48.000,48.000,9054
20251225T145700,48.000,48.000,48.000,48.000,15388
20251225T150000,48.000,48.000,48.000,48.000,8655
20251226T093100,49.000,49.000,48.000,48.000,75004
20251226T093200,48.000,48.000,48.000,48.000,39807
20251226T093300,48.000,48.000,48.000,48.000,31498
20251226T093400,48.000,48.000,48.000,48.000,13965
20251226T093500,48.000,48.000,48.000,48.000,20493
20251226T093600,48.000,49.000,48.000,48.000,18064
20251226T093700,48.000,49.000,48.000,48.000,22081
20251226T093800,48.000,48.000,48.000,48.000,51810
20251226T093900,48.000,48.000,48.000,48.000,14760
20251226T094000,48.000,48.000,48.000,48.000,21774
20251226T094100,48.000,48.000,48.000,48.000,13333
20251226T094200,48.000,48.000,48.000,48.000,34763
20251226T094300,48.000,49.000,48.000,48.000,21475
20251226T094400,48.000,49.000,48.000,48.000,20150
20251226T094500,48.000,48.000,48.000,48.000,38331
20251226T094600,48.000,48.000,48.000,48.000,9257
20251226T094700,48.000,48.000,48.000,48.000,15185
20251226T094800,48.000,48.000,48.000,48.000,23823
20251226T094900,48.000,48.000,48.000,48.000,29236
20251226T095000,48.000,48.000,48.000,48.000,8766
20251226T095100,48.000,48.000,48.000,48.000,10869
20251226T095200,48.000,48.000,48.000,48.000,27197
20251226T095300,48.000,48.000,48.000,48.000,16464
20251226T095400,48.000,48.000,48.000,48.000,26483
20251226T095500,48.000,48.000,48.000,48.000,13255
20251226T095600,48.000,48.000,48.000,48.000,6090
20251226T095700,48.000,48.000,48.000,48.000,11788
20251226T095800,48.000,48.000,48.000,48.000,13441
20251226T095900,48.000,48.000,48.000,48.000,14448
20251226T100000,48.000,48.000,48.000,48.000,9163
20251226T100100,48.000,48.000,48.000,48.000,7412
20251226T100200,48.000,48.000,48.000,48.000,32802
20251226T100300,48.000,48.000,48.000,48.000,48591
20251226T100400,48.000,48.000,48.000,48.000,5684
20251226T100500,48.000,48.000,48.000,48.000,12129
20251226T100600,48.000,48.000,48.000,48.000,10083
20251226T100700,48.000,48.000,48.000,48.000,14538
20251226T100800,48.000,48.000,48.000,48.000,16459
20251226T100900,48.000,48.000,48.000,48.000,10857
20251226T101000,48.000,48.000,48.000,48.000,19677
20251226T101100,48.000,48.000,48.000,48.000,8623
20251226T101200,48.000,48.000,48.000,48.000,3400
20251226T101300,48.000,48.000,48.000,48.000,7809
20251226T101400,48.000,48.000,48.000,48.000,16755
20251226T101500,48.000,48.000,48.000,48.000,6329
20251226T101600,48.000,48.000,48.000,48.000,7263
20251226T101700,48.000,48.000,48.000,48.000,5248
20251226T101800,48.000,48.000,48.000,48.000,45147
20251226T101900,48.000,48.000,48.000,48.000,29071
20251226T102000,48.000,48.000,48.000,48.000,2900
20251226T102100,48.000,48.000,48.000,48.000,10983
20251226T102200,48.000,48.000,48.000,48.000,45224
20251226T102300,48.000,48.000,48.000,48.000,40668
20251226T102400,48.000,48.000,48.000,48.000,23697
20251226T102500,48.000,48.000,48.000,48.000,16503
20251226T102600,48.000,48.000,48.000,48.000,11448
20251226T102700,48.000,48.000,48.000,48.000,18141
20251226T102800,48.000,48.000,48.000,48.000,5380
20251226T102900,48.000,48.000,48.000,48.000,9479
20251226T103000,48.000,48.000,48.000,48.000,7842
20251226T103100,48.000,48.000,48.000,48.000,12208
20251226T103200,48.000,48.000,48.000,48.000,6950
20251226T103300,48.000,48.000,48.000,48.000,15343
20251226T103400,48.000,48.000,48.000,48.000,4194
20251226T103500,48.000,48.000,48.000,48.000,11658
20251226T103600,48.000,48.000,48.000,48.000,5093
20251226T103700,48.000,48.000,48.000,48.000,8051
20251226T103800,48.000,48.000,48.000,48.000,4335
20251226T103900,48.000,48.000,48.000,48.000,5858
20251226T104000,48.000,48.000,48.000,48.000,45566
20251226T104100,48.000,48.000,48.000,48.000,7279
20251226T104200,48.000,48.000,48.000,48.000,8840
20251226T104300,48.000,48.000,48.000,48.000,3350
20251226T104400,48.000,48.000,48.000,48.000,8673
20251226T104500,48.000,48.000,48.000,48.000,3852
20251226T104600,48.000,48.000,48.000,48.000,1427
20251226T104700,48.000,48.000,48.000,48.000,4725
20251226T104800,48.000,48.000,48.000,48.000,5578
20251226T104900,48.000,48.000,48.000,48.000,4584
20251226T105000,48.000,48.000,48.000,48.000,3810
20251226T105100,48.000,48.000,48.000,48.000,12383
20251226T105200,48.000,48.000,48.000,48.000,9004
20251226T105300,48.000,48.000,48.000,48.000,6854
20251226T105400,48.000,48.000,48.000,48.000,4369
20251226T105500,48.000,48.000,48.000,48.000,9885
20251226T105600,48.000,48.000,48.000,48.000,2588
20251226T105700,48.000,48.000,48.000,48.000,10073
20251226T105800,48.000,48.000,48.000,48.000,2107
20251226T105900,48.000,48.000,48.000,48.000,616
20251226T110000,48.000,48.000,48.000,48.000,15718
20251226T110100,48.000,48.000,48.000,48.000,3575
20251226T110200,48.000,48.000,48.000,48.000,15598
20251226T110300,48.000,48.000,48.000,48.000,991
20251226T110400,48.000,48.000,48.000,48.000,1457
20251226T110500,48.000,48.000,48.000,48.000,7996
20251226T110700,48.000,48.000,48.000,48.000,3099
20251226T110800,48.000,48.000,48.000,48.000,1546
20251226T110900,48.000,48.000,48.000,48.000,2652
20251226T111000,48.000,48.000,48.000,48.000,8161
20251226T111100,48.000,48.000,48.000,48.000,7970
20251226T111200,48.000,48.000,48.000,48.000,15685
20251226T111300,48.000,48.000,48.000,48.000,4733
20251226T111400,48.000,48.000,48.000,48.000,21205
20251226T111500,48.000,48.000,48.000,48.000,7787
20251226T111600,48.000,48.000,48.000,48.000,11525
20251226T111700,48.000,48.000,47.000,48.000,123080
20251226T111800,48.000,48.000,48.000,48.000,12589
20251226T111900,48.000,48.000,47.000,48.000,14952
20251226T112000,48.000,48.000,47.000,47.000,31196
20251226T112100,48.000,48.000,48.000,48.000,9289
20251226T112200,48.000,48.000,47.000,47.000,4381
20251226T112300,47.000,47.000,47.000,47.000,69537
20251226T112400,47.000,47.000,47.000,47.000,8776
20251226T112500,47.000,47.000,47.000,47.000,14022
20251226T112600,47.000,47.000,47.000,47.000,74150
20251226T112700,47.000,47.000,47.000,47.000,9492
20251226T112800,47.000,47.000,47.000,47.000,32095
20251226T112900,47.000,47.000,47.000,47.000,22180
20251226T113000,47.000,47.000,47.000,47.000,8126
20251226T130100,47.000,47.000,47.000,47.000,11512
20251226T130200,47.000,47.000,47.000,47.000,23034
20251226T130300,47.000,47.000,47.000,47.000,9141
20251226T130400,47.000,47.000,47.000,47.000,4046
20251226T130500,47.000,47.000,47.000,47.000,10424
20251226T130600,47.000,47.000,47.000,47.000,31055
20251226T130700,48.000,48.000,47.000,47.000,8701
20251226T130800,48.000,48.000,48.000,48.000,7933
20251226T130900,48.000,48.000,48.000,48.000,4601
20251226T131000,48.000,48.000,48.000,48.000,8323
20251226T131100,48.000,48.000,48.000,48.000,11279
20251226T131200,48.000,48.000,48.000,48.000,26689
20251226T131300,48.000,48.000,48.000,48.000,3538
20251226T131400,48.000,48.000,48.000,48.000,4803
20251226T131500,48.000,48.000,48.000,48.000,6383
20251226T131600,48.000,48.000,48.000,48.000,8814
20251226T131700,48.000,48.000,48.000,48.000,1738
20251226T131800,48.000,48.000,48.000,48.000,3762
20251226T131900,48.000,48.000,48.000,48.000,3200
20251226T132000,48.000,48.000,48.000,48.000,900
20251226T132100,48.000,48.000,48.000,48.000,5228
20251226T132200,48.000,48.000,48.000,48.000,3696
20251226T132300,48.000,48.000,48.000,48.000,3923
20251226T132400,48.000,48.000,47.000,47.000,26780
20251226T132500,48.000,48.000,47.000,48.000,7200
20251226T132600,48.000,48.000,47.000,47.000,1800
20251226T132700,47.000,47.000,47.000,47.000,6220
20251226T132800,47.000,48.000,47.000,47.000,2597
20251226T132900,47.000,47.000,47.000,47.000,12648
20251226T133000,47.000,47.000,47.000,47.000,23525
20251226T133100,48.000,48.000,47.000,47.000,1147
20251226T133200,47.000,47.000,47.000,47.000,2400
20251226T133300,47.000,47.000,47.000,47.000,4072
20251226T133400,47.000,47.000,47.000,47.000,3376
20251226T133500,47.000,47.000,47.000,47.000,3460
20251226T133600,47.000,47.000,47.000,47.000,600
20251226T133700,47.000,47.000,47.000,47.000,1000
20251226T133800,47.000,47.000,47.000,47.000,2100
20251226T133900,47.000,47.000,47.000,47.000,3068
20251226T134000,47.000,47.000,47.000,47.000,2600
20251226T134100,47.000,47.000,47.000,47.000,1200
20251226T134200,47.000,48.000,47.000,47.000,6310
20251226T134300,48.000,48.000,47.000,48.000,33539
20251226T134400,47.000,47.000,47.000,47.000,1400
20251226T134500,47.000,48.000,47.000,47.000,1872
20251226T134600,47.000,48.000,47.000,48.000,3700
20251226T134700,48.000,48.000,48.000,48.000,27150
20251226T134800,48.000,48.000,48.000,48.000,6004
20251226T134900,48.000,48.000,48.000,48.000,3973
20251226T135000,48.000,48.000,48.000,48.000,794
20251226T135100,48.000,48.000,48.000,48.000,10075
20251226T135200,48.000,48.000,48.000,48.000,4238
20251226T135300,48.000,48.000,48.000,48.000,2665
20251226T135400,48.000,48.000,48.000,48.000,9677
20251226T135500,48.000,48.000,48.000,48.000,8433
20251226T135600,48.000,48.000,48.000,48.000,1688
20251226T135700,48.000,48.000,48.000,48.000,3665
20251226T135800,48.000,48.000,48.000,48.000,1396
20251226T135900,48.000,48.000,48.000,48.000,3499
20251226T140000,48.000,48.000,48.000,48.000,3458
20251226T140100,48.000,48.000,48.000,48.000,6905
20251226T140200,48.000,48.000,48.000,48.000,3009
20251226T140300,48.000,48.000,48.000,48.000,1125
20251226T140400,48.000,48.000,48.000,48.000,3833
20251226T140500,48.000,48.000,48.000,48.000,1815
20251226T140600,48.000,48.000,48.000,48.000,1566
20251226T140700,48.000,48.000,48.000,48.000,3335
20251226T140800,48.000,48.000,48.000,48.000,12761
20251226T140900,48.000,48.000,48.000,48.000,3230
20251226T141000,48.000,48.000,48.000,48.000,2829
20251226T141100,48.000,48.000,48.000,48.000,3280
20251226T141200,48.000,48.000,48.000,48.000,1297
20251226T141300,48.000,48.000,48.000,48.000,1760
20251226T141400,48.000,48.000,48.000,48.000,11250
20251226T141500,48.000,48.000,48.000,48.000,785
20251226T141600,48.000,48.000,48.000,48.000,300
20251226T141700,48.000,48.000,48.000,48.000,8616
20251226T141800,48.000,48.000,48.000,48.000,6462
20251226T141900,48.000,48.000,47.000,47.000,33303
20251226T142000,47.000,47.000,47.000,47.000,1369
20251226T142100,47.000,47.000,47.000,47.000,6010
20251226T142200,47.000,47.000,47.000,47.000,4060
20251226T142300,47.000,47.000,47.000,47.000,10934
20251226T142400,47.000,47.000,47.000,47.000,3201
20251226T142500,47.000,47.000,47.000,47.000,35139
20251226T142600,47.000,47.000,47.000,47.000,2953
20251226T142700,47.000,47.000,47.000,47.000,3302
20251226T142800,47.000,47.000,47.000,47.000,2600
20251226T142900,47.000,47.000,47.000,47.000,1620
20251226T143000,47.000,47.000,47.000,47.000,12671
20251226T143100,47.000,47.000,47.000,47.000,30647
20251226T143200,47.000,47.000,47.000,47.000,5385
20251226T143300,47.000,47.000,47.000,47.000,4409
20251226T143400,47.000,47.000,47.000,47.000,1164
20251226T143500,47.000,47.000,47.000,47.000,1000
20251226T143600,47.000,47.000,47.000,47.000,12421
20251226T143700,47.000,47.000,47.000,47.000,3105
20251226T143800,47.000,47.000,47.000,47.000,2943
20251226T143900,47.000,47.000,47.000,47.000,2117
20251226T144000,47.000,47.000,47.000,47.000,8191
20251226T144100,47.000,47.000,47.000,47.000,5648
20251226T144200,47.000,47.000,47.000,47.000,4038
20251226T144300,47.000,47.000,47.000,47.000,10842
20251226T144400,47.000,47.000,47.000,47.000,2900
20251226T144500,47.000,47.000,47.000,47.000,7432
20251226T144600,47.000,47.000,47.000,47.000,8482
20251226T144700,47.000,47.000,47.000,47.000,16983
20251226T144800,47.000,47.000,47.000,47.000,13326
20251226T144900,47.000,47.000,47.000,47.000,4512
20251226T145000,47.000,47.000,47.000,47.000,6776
20251226T145100,47.000,47.000,47.000,47.000,12135
20251226T145200,47.000,47.000,47.000,47.000,22814
20251226T145300,47.000,47.000,47.000,47.000,11651
20251226T145400,47.000,47.000,47.000,47.000,11721
20251226T145500,47.000,47.000,47.000,47.000,9763
20251226T145600,47.000,47.000,47.000,47.000,11021
20251226T145700,47.000,47.000,47.000,47.000,17704
20251226T150000,47.000,47.000,47.000,47.000,14052
20251229T093100,47.000,47.000,47.000,47.000,55502
20251229T093200,47.000,47.000,47.000,47.000,13290
20251229T093300,47.000,47.000,47.000,47.000,24145
20251229T093400,47.000,47.000,47.000,47.000,36501
20251229T093500,47.000,47.000,47.000,47.000,89414
20251229T093600,47.000,47.000,47.000,47.000,10487
20251229T093700,47.000,47.000,47.000,47.000,33197
20251229T093800,47.000,47.000,47.000,47.000,16557
20251229T093900,47.000,47.000,47.000,47.000,11285
20251229T094000,47.000,47.000,47.000,47.000,9386
20251229T094100,47.000,47.000,47.000,47.000,32755
20251229T094200,47.000,47.000,47.000,47.000,6940
20251229T094300,47.000,47.000,47.000,47.000,7871
20251229T094400,47.000,47.000,47.000,47.000,74116
20251229T094500,47.000,47.000,47.000,47.000,18148
20251229T094600,47.000,47.000,47.000,47.000,11819
20251229T094700,47.000,47.000,47.000,47.000,15704
20251229T094800,47.000,47.000,47.000,47.000,24071
20251229T094900,47.000,47.000,47.000,47.000,19040
20251229T095000,47.000,47.000,47.000,47.000,16499
20251229T095100,47.000,47.000,47.000,47.000,12500
20251229T095200,47.000,47.000,47.000,47.000,15942
20251229T095300,47.000,47.000,47.000,47.000,11635
20251229T095400,47.000,47.000,47.000,47.000,7340
20251229T095500,47.000,47.000,47.000,47.000,14360
20251229T095600,47.000,47.000,47.000,47.000,15056
20251229T095700,47.000,47.000,47.000,47.000,7284
20251229T095800,47.000,47.000,47.000,47.000,21573
20251229T095900,47.000,47.000,47.000,47.000,27049
20251229T100000,47.000,47.000,47.000,47.000,18401
20251229T100100,47.000,47.000,47.000,47.000,47520
20251229T100200,47.000,47.000,47.000,47.000,22155
20251229T100300,47.000,47.000,47.000,47.000,2170
20251229T100400,47.000,47.000,47.000,47.000,9048
20251229T100500,47.000,47.000,46.000,47.000,55185
20251229T100600,47.000,47.000,46.000,47.000,6566
20251229T100700,47.000,47.000,46.000,47.000,4521
20251229T100800,47.000,47.000,46.000,46.000,5557
20251229T100900,46.000,47.000,46.000,47.000,1259
20251229T101000,47.000,47.000,46.000,46.000,7793
20251229T101100,46.000,46.000,46.000,46.000,11690
20251229T101200,46.000,46.000,46.000,46.000,4340
20251229T101300,46.000,46.000,46.000,46.000,2834
20251229T101400,46.000,46.000,46.000,46.000,8632
20251229T101500,46.000,47.000,46.000,47.000,13832
20251229T101600,47.000,47.000,47.000,47.000,2814
20251229T101700,47.000,47.000,47.000,47.000,12538
20251229T101800,47.000,47.000,46.000,46.000,4736
20251229T101900,46.000,46.000,46.000,46.000,4626
20251229T102000,46.000,46.000,46.000,46.000,3983
20251229T102100,46.000,46.000,46.000,46.000,14466
20251229T102200,46.000,46.000,46.000,46.000,2020
20251229T102300,46.000,46.000,46.000,46.000,3307
20251229T102400,46.000,46.000,46.000,46.000,14547
20251229T102500,46.000,46.000,46.000,46.000,4663
20251229T102600,46.000,46.000,46.000,46.000,15484
20251229T102700,46.000,46.000,46.000,46.000,11239
20251229T102800,46.000,46.000,46.000,46.000,3691
20251229T102900,46.000,46.000,46.000,46.000,4676
20251229T103000,46.000,47.000,46.000,47.000,41502
20251229T103100,47.000,47.000,46.000,46.000,26595
20251229T103200,47.000,47.000,46.000,46.000,5101
20251229T103300,46.000,47.000,46.000,46.000,39596
20251229T103400,46.000,47.000,46.000,47.000,4898
20251229T103500,47.000,47.000,47.000,47.000,4812
20251229T103600,47.000,47.000,47.000,47.000,10935
20251229T103700,47.000,47.000,47.000,47.000,22153
20251229T103800,47.000,47.000,47.000,47.000,68324
20251229T103900,47.000,47.000,47.000,47.000,5537
20251229T104000,47.000,47.000,47.000,47.000,12299
20251229T104100,47.000,47.000,46.000,47.000,18004
20251229T104200,47.000,47.000,46.000,46.000,4369
20251229T104300,47.000,47.000,46.000,47.000,24574
20251229T104400,46.000,47.000,46.000,47.000,3344
20251229T104500,47.000,47.000,46.000,47.000,5392
20251229T104600,46.000,46.000,46.000,46.000,10538
20251229T104700,46.000,47.000,46.000,46.000,5315
20251229T104800,46.000,46.000,46.000,46.000,5012
20251229T104900,46.000,46.000,46.000,46.000,8414
20251229T105000,46.000,46.000,46.000,46.000,17634
20251229T105100,46.000,47.000,46.000,47.000,24010
20251229T105200,47.000,47.000,47.000,47.000,9471
20251229T105300,47.000,47.000,47.000,47.000,45499
20251229T105400,47.000,47.000,47.000,47.000,2612
20251229T105500,47.000,47.000,47.000,47.000,7236
20251229T105600,47.000,47.000,47.000,47.000,2214
20251229T105700,47.000,47.000,47.000,47.000,1541
20251229T105800,47.000,47.000,47.000,47.000,2307
20251229T105900,47.000,47.000,47.000,47.000,13118
20251229T110000,47.000,47.000,47.000,47.000,6434
20251229T110100,47.000,47.000,47.000,47.000,4487
20251229T110200,47.000,47.000,47.000,47.000,3544
20251229T110300,47.000,47.000,47.000,47.000,8668
20251229T110400,47.000,47.000,46.000,46.000,36063
20251229T110500,46.000,46.000,46.000,46.000,5281
20251229T110600,46.000,46.000,46.000,46.000,2764
20251229T110700,46.000,47.000,46.000,47.000,20152
20251229T110800,47.000,47.000,46.000,46.000,3957
20251229T110900,46.000,47.000,46.000,46.000,6966
20251229T111000,46.000,46.000,46.000,46.000,1880
20251229T111100,46.000,46.000,46.000,46.000,5756
20251229T111200,46.000,46.000,46.000,46.000,2503
20251229T111300,46.000,46.000,46.000,46.000,6937
20251229T111400,46.000,46.000,46.000,46.000,541
20251229T111500,46.000,46.000,46.000,46.000,2106
20251229T111600,46.000,46.000,46.000,46.000,1300
20251229T111700,46.000,46.000,46.000,46.000,4270
20251229T111800,46.000,46.000,46.000,46.000,3689
20251229T111900,46.000,46.000,46.000,46.000,424
20251229T112000,46.000,46.000,46.000,46.000,4916
20251229T112100,46.000,46.000,46.000,46.000,1339
20251229T112200,46.000,46.000,46.000,46.000,6233
20251229T112300,46.000,46.000,46.000,46.000,44748
20251229T112400,46.000,46.000,46.000,46.000,5648
20251229T112500,46.000,46.000,46.000,46.000,4028
20251229T112600,46.000,46.000,46.000,46.000,3692
20251229T112700,46.000,46.000,46.000,46.000,11454
20251229T112800,46.000,46.000,46.000,46.000,2656
20251229T112900,46.000,46.000,46.000,46.000,16209
20251229T113000,46.000,46.000,46.000,46.000,7196
20251229T130100,46.000,46.000,46.000,46.000,88086
20251229T130200,46.000,46.000,46.000,46.000,6055
20251229T130300,46.000,46.000,46.000,46.000,1801
20251229T130400,46.000,46.000,46.000,46.000,20261
20251229T130500,46.000,46.000,46.000,46.000,2936
20251229T130600,46.000,46.000,46.000,46.000,1139
20251229T130700,46.000,46.000,46.000,46.000,28341
20251229T130800,46.000,46.000,46.000,46.000,15071
20251229T130900,46.000,46.000,46.000,46.000,29808
20251229T131000,46.000,46.000,46.000,46.000,27047
20251229T131100,46.000,46.000,46.000,46.000,15704
20251229T131200,46.000,46.000,46.000,46.000,33194
20251229T131300,46.000,46.000,46.000,46.000,16631
20251229T131400,46.000,46.000,46.000,46.000,11640
20251229T131500,46.000,46.000,46.000,46.000,3911
20251229T131600,46.000,46.000,46.000,46.000,6767
20251229T131700,46.000,46.000,46.000,46.000,12024
20251229T131800,46.000,46.000,46.000,46.000,4909
20251229T131900,46.000,46.000,46.000,46.000,6345
20251229T132000,46.000,46.000,46.000,46.000,4794
20251229T132100,46.000,46.000,46.000,46.000,12487
20251229T132200,46.000,46.000,46.000,46.000,5291
20251229T132300,46.000,46.000,46.000,46.000,5469
20251229T132400,46.000,46.000,46.000,46.000,1956
20251229T132500,46.000,46.000,46.000,46.000,5435
20251229T132600,46.000,46.000,46.000,46.000,12552
20251229T132700,46.000,46.000,46.000,46.000,3899
20251229T132800,46.000,46.000,46.000,46.000,5843
20251229T132900,46.000,46.000,46.000,46.000,3080
20251229T133000,46.000,46.000,46.000,46.000,4082
20251229T133100,46.000,46.000,46.000,46.000,2207
20251229T133200,46.000,46.000,46.000,46.000,3097
20251229T133300,46.000,46.000,46.000,46.000,9100
20251229T133400,46.000,46.000,46.000,46.000,9185
20251229T133500,46.000,46.000,46.000,46.000,13683
20251229T133600,46.000,46.000,46.000,46.000,35120
20251229T133700,46.000,46.000,46.000,46.000,30667
20251229T133800,46.000,46.000,46.000,46.000,5245
20251229T133900,46.000,46.000,46.000,46.000,18686
20251229T134000,46.000,46.000,46.000,46.000,20075
20251229T134100,46.000,46.000,46.000,46.000,25209
20251229T134200,46.000,46.000,46.000,46.000,400
20251229T134300,46.000,46.000,46.000,46.000,4935
20251229T134400,46.000,46.000,46.000,46.000,2054
20251229T134500,46.000,46.000,46.000,46.000,3733
20251229T134600,46.000,46.000,46.000,46.000,2809
20251229T134700,46.000,46.000,46.000,46.000,4198
20251229T134800,46.000,46.000,46.000,46.000,3629
20251229T134900,46.000,46.000,46.000,46.000,17759
20251229T135000,46.000,46.000,46.000,46.000,1996
20251229T135100,46.000,46.000,46.000,46.000,2356
20251229T135200,46.000,46.000,46.000,46.000,16200
20251229T135300,46.000,46.000,46.000,46.000,1545
20251229T135400,46.000,46.000,46.000,46.000,1993
20251229T135500,46.000,46.000,46.000,46.000,1100
20251229T135600,46.000,46.000,46.000,46.000,6339
20251229T135700,46.000,46.000,46.000,46.000,4422
20251229T135800,46.000,46.000,46.000,46.000,3318
20251229T135900,46.000,46.000,46.000,46.000,9243
20251229T140000,46.000,46.000,46.000,46.000,5094
20251229T140100,46.000,46.000,46.000,46.000,6316
20251229T140200,46.000,46.000,46.000,46.000,900
20251229T140300,46.000,46.000,46.000,46.000,3347
20251229T140400,46.000,46.000,46.000,46.000,200
20251229T140500,46.000,46.000,46.000,46.000,19045
20251229T140600,46.000,46.000,46.000,46.000,2040
20251229T140700,46.000,46.000,46.000,46.000,800
20251229T140800,46.000,46.000,46.000,46.000,7841
20251229T140900,46.000,46.000,46.000,46.000,647
20251229T141000,46.000,46.000,46.000,46.000,1857
20251229T141100,46.000,46.000,46.000,46.000,2400
20251229T141200,46.000,46.000,46.000,46.000,2934
20251229T141300,46.000,46.000,46.000,46.000,1036
20251229T141400,46.000,46.000,46.000,46.000,1916
20251229T141500,46.000,46.000,46.000,46.000,600
20251229T141600,46.000,46.000,46.000,46.000,1057
20251229T141700,46.000,46.000,46.000,46.000,12711
20251229T141800,46.000,46.000,46.000,46.000,1298
20251229T141900,46.000,46.000,46.000,46.000,431
20251229T142000,46.000,46.000,46.000,46.000,800
20251229T142100,46.000,46.000,46.000,46.000,10777
20251229T142200,46.000,46.000,46.000,46.000,2707
20251229T142300,46.000,46.000,46.000,46.000,400
20251229T142400,46.000,46.000,46.000,46.000,6044
20251229T142500,46.000,46.000,46.000,46.000,38587
20251229T142600,46.000,46.000,46.000,46.000,2400
20251229T142700,46.000,46.000,46.000,46.000,1174
20251229T142800,46.000,46.000,46.000,46.000,11146
20251229T142900,46.000,46.000,46.000,46.000,8113
20251229T143000,46.000,46.000,46.000,46.000,14493
20251229T143100,46.000,46.000,46.000,46.000,2403
20251229T143200,46.000,46.000,46.000,46.000,3243
20251229T143300,46.000,46.000,46.000,46.000,900
20251229T143400,46.000,46.000,46.000,46.000,1089
20251229T143500,46.000,46.000,46.000,46.000,2720
20251229T143600,46.000,46.000,46.000,46.000,3480
20251229T143700,46.000,46.000,46.000,46.000,19493
20251229T143800,46.000,46.000,46.000,46.000,3898
20251229T143900,46.000,46.000,46.000,46.000,4580
20251229T144000,46.000,46.000,46.000,46.000,4662
20251229T144100,46.000,46.000,46.000,46.000,4280
20251229T144200,46.000,46.000,46.000,46.000,6723
20251229T144300,46.000,46.000,46.000,46.000,3662
20251229T144400,46.000,46.000,46.000,46.000,30335
20251229T144500,46.000,46.000,46.000,46.000,5253
20251229T144600,46.000,46.000,46.000,46.000,5254
20251229T144700,46.000,46.000,46.000,46.000,20039
20251229T144800,46.000,46.000,46.000,46.000,5518
20251229T144900,46.000,46.000,46.000,46.000,21406
20251229T145000,46.000,46.000,46.000,46.000,15671
20251229T145100,46.000,46.000,46.000,46.000,7286
20251229T145200,46.000,46.000,46.000,46.000,9489
20251229T145300,46.000,46.000,46.000,46.000,16162
20251229T145400,46.000,46.000,46.000,46.000,3789
20251229T145500,46.000,46.000,46.000,46.000,14992
20251229T145600,46.000,46.000,46.000,46.000,20606
20251229T145700,46.000,46.000,46.000,46.000,5231
20251229T150000,46.000,46.000,46.000,46.000,29957
20251230T093100,46.000,46.000,45.000,46.000,16359
20251230T093200,46.000,46.000,46.000,46.000,5391
20251230T093300,46.000,46.000,46.000,46.000,20044
20251230T093400,46.000,46.000,46.000,46.000,14191
20251230T093500,46.000,46.000,46.000,46.000,40901
20251230T093600,46.000,46.000,46.000,46.000,41595
20251230T093700,46.000,47.000,46.000,47.000,47317
20251230T093800,47.000,47.000,47.000,47.000,111168
20251230T093900,47.000,48.000,47.000,47.000,78412
20251230T094000,47.000,47.000,47.000,47.000,62501
20251230T094100,47.000,47.000,47.000,47.000,19095
20251230T094200,47.000,47.000,47.000,47.000,7702
20251230T094300,47.000,47.000,47.000,47.000,10273
20251230T094400,47.000,47.000,47.000,47.000,31256
20251230T094500,47.000,47.000,46.000,47.000,10403
20251230T094600,46.000,47.000,46.000,46.000,26839
20251230T094700,46.000,46.000,46.000,46.000,53829
20251230T094800,46.000,46.000,46.000,46.000,3371
20251230T094900,46.000,46.000,46.000,46.000,9479
20251230T095000,46.000,46.000,46.000,46.000,7786
20251230T095100,46.000,46.000,46.000,46.000,13538
20251230T095200,46.000,47.000,46.000,46.000,14950
20251230T095300,46.000,47.000,46.000,46.000,4126
20251230T095400,46.000,46.000,46.000,46.000,5563
20251230T095500,46.000,46.000,46.000,46.000,8244
20251230T095600,46.000,47.000,46.000,47.000,7256
20251230T095700,47.000,47.000,46.000,46.000,12301
20251230T095800,46.000,46.000,46.000,46.000,10646
20251230T095900,46.000,46.000,46.000,46.000,2564
20251230T100000,46.000,46.000,46.000,46.000,10580
20251230T100100,46.000,46.000,46.000,46.000,14122
20251230T100200,46.000,46.000,46.000,46.000,8117
20251230T100300,46.000,46.000,46.000,46.000,12618
20251230T100400,46.000,46.000,46.000,46.000,8747
20251230T100500,46.000,46.000,46.000,46.000,11872
20251230T100600,46.000,46.000,46.000,46.000,5054
20251230T100700,46.000,46.000,46.000,46.000,3961
20251230T100800,46.000,46.000,46.000,46.000,3361
20251230T100900,46.000,46.000,46.000,46.000,3309
20251230T101000,46.000,46.000,46.000,46.000,13529
20251230T101100,46.000,46.000,46.000,46.000,10126
20251230T101200,46.000,46.000,46.000,46.000,16985
20251230T101300,46.000,46.000,46.000,46.000,4494
20251230T101400,46.000,46.000,46.000,46.000,9201
20251230T101500,46.000,46.000,46.000,46.000,7290
20251230T101600,46.000,46.000,46.000,46.000,9323
20251230T101700,46.000,46.000,46.000,46.000,1688
20251230T101800,46.000,46.000,46.000,46.000,2633
20251230T101900,46.000,46.000,46.000,46.000,8099
20251230T102000,46.000,46.000,46.000,46.000,1729
20251230T102100,46.000,46.000,46.000,46.000,3445
20251230T102200,46.000,46.000,46.000,46.000,1900
20251230T102300,46.000,46.000,46.000,46.000,10096
20251230T102400,46.000,46.000,46.000,46.000,6307
20251230T102500,46.000,46.000,46.000,46.000,8350
20251230T102600,46.000,46.000,46.000,46.000,14905
20251230T102700,46.000,46.000,46.000,46.000,22575
20251230T102800,46.000,46.000,46.000,46.000,4272
20251230T102900,46.000,46.000,46.000,46.000,6046
20251230T103000,46.000,46.000,46.000,46.000,2404
20251230T103100,46.000,46.000,46.000,46.000,1057
20251230T103200,46.000,46.000,46.000,46.000,1970
20251230T103300,46.000,46.000,46.000,46.000,2810
20251230T103400,46.000,46.000,46.000,46.000,1891
20251230T103500,46.000,46.000,46.000,46.000,6264
20251230T103700,46.000,46.000,46.000,46.000,1406
20251230T103800,46.000,46.000,46.000,46.000,2209
20251230T103900,46.000,46.000,46.000,46.000,1924
20251230T104000,46.000,46.000,46.000,46.000,2562
20251230T104100,46.000,46.000,46.000,46.000,838
20251230T104200,46.000,46.000,46.000,46.000,4457
20251230T104300,46.000,46.000,46.000,46.000,1301
20251230T104400,46.000,46.000,46.000,46.000,1818
20251230T104500,46.000,46.000,46.000,46.000,4429
20251230T104600,46.000,46.000,46.000,46.000,900
20251230T104700,46.000,46.000,46.000,46.000,8416
20251230T104800,46.000,46.000,46.000,46.000,2282
20251230T104900,46.000,46.000,46.000,46.000,7004
20251230T105000,46.000,46.000,46.000,46.000,1184
20251230T105100,46.000,46.000,46.000,46.000,1100
20251230T105200,46.000,46.000,46.000,46.000,3735
20251230T105300,46.000,46.000,46.000,46.000,800
20251230T105400,46.000,46.000,46.000,46.000,11965
20251230T105500,46.000,46.000,46.000,46.000,1231
20251230T105600,46.000,46.000,46.000,46.000,3191
20251230T105700,46.000,46.000,46.000,46.000,16439
20251230T105800,46.000,46.000,46.000,46.000,1244
20251230T105900,46.000,46.000,46.000,46.000,1391
20251230T110000,46.000,46.000,46.000,46.000,10100
20251230T110100,46.000,46.000,46.000,46.000,1600
20251230T110200,46.000,46.000,46.000,46.000,889
20251230T110300,46.000,46.000,46.000,46.000,1796
20251230T110400,46.000,46.000,46.000,46.000,905
20251230T110500,46.000,46.000,46.000,46.000,576
20251230T110600,46.000,46.000,46.000,46.000,400
20251230T110700,46.000,46.000,46.000,46.000,647
20251230T110800,46.000,46.000,46.000,46.000,1864
20251230T110900,46.000,46.000,46.000,46.000,16841
20251230T111000,46.000,46.000,46.000,46.000,2569
20251230T111100,46.000,46.000,46.000,46.000,4062
20251230T111200,46.000,46.000,46.000,46.000,18383
20251230T111400,46.000,46.000,46.000,46.000,962
20251230T111500,46.000,46.000,46.000,46.000,2299
20251230T111600,46.000,46.000,46.000,46.000,426
20251230T111700,46.000,46.000,46.000,46.000,1194
20251230T111800,46.000,46.000,46.000,46.000,600
20251230T111900,46.000,46.000,46.000,46.000,6427
20251230T112000,46.000,46.000,46.000,46.000,9911
20251230T112100,46.000,46.000,46.000,46.000,2513
20251230T112200,46.000,46.000,46.000,46.000,400
20251230T112300,46.000,46.000,46.000,46.000,1308
20251230T112400,46.000,46.000,46.000,46.000,2427
20251230T112500,46.000,46.000,46.000,46.000,1590
20251230T112600,46.000,46.000,46.000,46.000,2190
20251230T112700,46.000,46.000,46.000,46.000,200
20251230T112800,46.000,46.000,46.000,46.000,2386
20251230T112900,46.000,46.000,46.000,46.000,1505
20251230T113000,46.000,46.000,46.000,46.000,1206
20251230T130100,46.000,46.000,46.000,46.000,26658
20251230T130200,46.000,46.000,46.000,46.000,1256
20251230T130300,46.000,46.000,46.000,46.000,3315
20251230T130400,46.000,46.000,46.000,46.000,2755
20251230T130500,46.000,46.000,46.000,46.000,1200
20251230T130600,46.000,46.000,46.000,46.000,2618
20251230T130700,46.000,46.000,46.000,46.000,12005
20251230T130800,46.000,46.000,46.000,46.000,1728
20251230T130900,46.000,46.000,46.000,46.000,2800
20251230T131000,46.000,46.000,46.000,46.000,12852
20251230T131100,46.000,46.000,46.000,46.000,10587
20251230T131200,46.000,46.000,46.000,46.000,7800
20251230T131300,46.000,46.000,46.000,46.000,7313
20251230T131400,46.000,46.000,46.000,46.000,2220
20251230T131500,46.000,46.000,46.000,46.000,8409
20251230T131700,46.000,46.000,46.000,46.000,1439
20251230T131800,46.000,46.000,46.000,46.000,3400
20251230T131900,46.000,46.000,46.000,46.000,3029
20251230T132000,46.000,46.000,46.000,46.000,3048
20251230T132100,46.000,46.000,46.000,46.000,6254
20251230T132200,46.000,46.000,46.000,46.000,8352
20251230T132300,46.000,46.000,46.000,46.000,5470
20251230T132400,46.000,46.000,46.000,46.000,9530
20251230T132500,46.000,46.000,46.000,46.000,13103
20251230T132600,46.000,47.000,46.000,47.000,24878
20251230T132700,47.000,47.000,47.000,47.000,21146
20251230T132800,47.000,47.000,47.000,47.000,16970
20251230T132900,47.000,47.000,46.000,46.000,4957
20251230T133000,46.000,46.000,46.000,46.000,1287
20251230T133100,46.000,46.000,46.000,46.000,7075
20251230T133200,46.000,46.000,46.000,46.000,1909
20251230T133300,46.000,47.000,46.000,47.000,2298
20251230T133400,46.000,46.000,46.000,46.000,12574
20251230T133500,46.000,46.000,46.000,46.000,1000
20251230T133600,46.000,46.000,46.000,46.000,5254
20251230T133700,46.000,46.000,46.000,46.000,2100
20251230T133800,46.000,46.000,46.000,46.000,2700
20251230T133900,46.000,46.000,46.000,46.000,14001
20251230T134000,46.000,46.000,46.000,46.000,14296
20251230T134100,46.000,46.000,46.000,46.000,10093
20251230T134200,46.000,46.000,46.000,46.000,5022
20251230T134300,46.000,46.000,46.000,46.000,8961
20251230T134400,46.000,46.000,46.000,46.000,600
20251230T134500,46.000,46.000,46.000,46.000,5945
20251230T134600,46.000,46.000,46.000,46.000,2800
20251230T134700,46.000,47.000,46.000,47.000,6514
20251230T134800,47.000,47.000,47.000,47.000,8467
20251230T134900,47.000,47.000,46.000,46.000,3825
20251230T135000,46.000,46.000,46.000,46.000,4661
20251230T135100,46.000,46.000,46.000,46.000,3904
20251230T135200,46.000,46.000,46.000,46.000,1400
20251230T135300,46.000,46.000,46.000,46.000,4170
20251230T135400,46.000,46.000,46.000,46.000,4700
20251230T135500,46.000,46.000,46.000,46.000,2000
20251230T135600,46.000,46.000,46.000,46.000,6415
20251230T135700,46.000,46.000,46.000,46.000,5765
20251230T135800,46.000,46.000,46.000,46.000,6120
20251230T135900,46.000,46.000,46.000,46.000,13635
20251230T140000,46.000,46.000,46.000,46.000,6250
20251230T140100,46.000,46.000,46.000,46.000,7389
20251230T140200,46.000,46.000,46.000,46.000,2598
20251230T140300,46.000,46.000,46.000,46.000,1643
20251230T140400,46.000,46.000,46.000,46.000,5090
20251230T140500,46.000,46.000,46.000,46.000,5986
20251230T140600,46.000,46.000,46.000,46.000,2382
20251230T140700,46.000,46.000,46.000,46.000,1042
20251230T140800,46.000,46.000,46.000,46.000,200
20251230T140900,46.000,46.000,46.000,46.000,1565
20251230T141000,46.000,46.000,46.000,46.000,2579
20251230T141100,46.000,46.000,46.000,46.000,1239
20251230T141200,46.000,46.000,46.000,46.000,2400
20251230T141300,46.000,46.000,46.000,46.000,3698
20251230T141400,46.000,46.000,46.000,46.000,3096
20251230T141500,46.000,47.000,46.000,47.000,2926
20251230T141600,46.000,46.000,46.000,46.000,18079
20251230T141700,46.000,46.000,46.000,46.000,2100
20251230T141800,46.000,46.000,46.000,46.000,720
20251230T141900,46.000,46.000,46.000,46.000,5351
20251230T142000,46.000,46.000,46.000,46.000,4278
20251230T142100,46.000,46.000,46.000,46.000,2900
20251230T142200,46.000,46.000,46.000,46.000,200
20251230T142300,46.000,46.000,46.000,46.000,1009
20251230T142400,46.000,46.000,46.000,46.000,7631
20251230T142500,46.000,46.000,46.000,46.000,2292
20251230T142600,46.000,46.000,46.000,46.000,6948
20251230T142700,46.000,46.000,46.000,46.000,11462
20251230T142800,46.000,46.000,46.000,46.000,7261
20251230T142900,46.000,46.000,46.000,46.000,9253
20251230T143000,46.000,46.000,46.000,46.000,1537
20251230T143100,46.000,46.000,46.000,46.000,2954
20251230T143200,46.000,46.000,46.000,46.000,18549
20251230T143300,46.000,46.000,46.000,46.000,12047
20251230T143400,46.000,46.000,46.000,46.000,4953
20251230T143500,46.000,46.000,46.000,46.000,15308
20251230T143600,46.000,46.000,46.000,46.000,1379
20251230T143700,46.000,46.000,46.000,46.000,3480
20251230T143800,46.000,46.000,46.000,46.000,2264
20251230T143900,46.000,46.000,46.000,46.000,3700
20251230T144000,46.000,46.000,46.000,46.000,800
20251230T144100,46.000,46.000,46.000,46.000,29784
20251230T144200,46.000,46.000,46.000,46.000,7759
20251230T144300,46.000,46.000,46.000,46.000,10047
20251230T144400,46.000,46.000,46.000,46.000,6262
20251230T144500,46.000,46.000,46.000,46.000,4629
20251230T144600,46.000,46.000,46.000,46.000,5721
20251230T144700,46.000,46.000,46.000,46.000,6418
20251230T144800,46.000,46.000,46.000,46.000,4029
20251230T144900,46.000,46.000,46.000,46.000,5537
20251230T145000,46.000,46.000,46.000,46.000,12556
20251230T145100,46.000,46.000,46.000,46.000,3100
20251230T145200,46.000,46.000,46.000,46.000,6775
20251230T145300,46.000,46.000,46.000,46.000,3638
20251230T145400,46.000,46.000,46.000,46.000,18810
20251230T145500,46.000,46.000,46.000,46.000,4255
20251230T145600,46.000,46.000,46.000,46.000,8382
20251230T145700,46.000,46.000,46.000,46.000,17150
20251230T150000,46.000,46.000,46.000,46.000,19843
20251231T093100,46.000,47.000,46.000,46.000,24093
20251231T093200,46.000,46.000,46.000,46.000,11230
20251231T093300,46.000,46.000,46.000,46.000,24286
20251231T093400,46.000,46.000,46.000,46.000,26539
20251231T093500,46.000,46.000,46.000,46.000,16433
20251231T093600,46.000,46.000,46.000,46.000,10719
20251231T093700,46.000,46.000,46.000,46.000,18702
20251231T093800,46.000,46.000,46.000,46.000,27104
20251231T093900,46.000,46.000,46.000,46.000,27904
20251231T094000,46.000,46.000,46.000,46.000,22546
20251231T094100,46.000,46.000,46.000,46.000,36913
20251231T094200,46.000,46.000,46.000,46.000,10575
20251231T094300,46.000,46.000,46.000,46.000,8114
20251231T094400,46.000,46.000,46.000,46.000,39985
20251231T094500,46.000,46.000,46.000,46.000,32860
20251231T094600,46.000,46.000,46.000,46.000,11438
20251231T094700,46.000,46.000,46.000,46.000,5479
20251231T094800,46.000,46.000,46.000,46.000,50442
20251231T094900,46.000,46.000,46.000,46.000,9930
20251231T095000,46.000,46.000,46.000,46.000,9142
20251231T095100,46.000,46.000,46.000,46.000,33119
20251231T095200,46.000,46.000,46.000,46.000,18781
20251231T095300,46.000,46.000,46.000,46.000,10826
20251231T095400,46.000,46.000,46.000,46.000,3633
20251231T095500,46.000,46.000,46.000,46.000,7736
20251231T095600,46.000,46.000,46.000,46.000,613
20251231T095700,46.000,46.000,46.000,46.000,3585
20251231T095800,46.000,46.000,46.000,46.000,7941
20251231T095900,46.000,46.000,46.000,46.000,6936
20251231T100000,46.000,46.000,46.000,46.000,6789
20251231T100100,46.000,46.000,46.000,46.000,14834
20251231T100200,46.000,46.000,46.000,46.000,27227
20251231T100300,46.000,46.000,46.000,46.000,13231
20251231T100400,46.000,46.000,46.000,46.000,19359
20251231T100500,46.000,46.000,46.000,46.000,6012
20251231T100600,46.000,46.000,46.000,46.000,1676
20251231T100700,46.000,46.000,46.000,46.000,3220
20251231T100800,46.000,46.000,46.000,46.000,1491
20251231T100900,46.000,46.000,46.000,46.000,8859
20251231T101000,46.000,46.000,46.000,46.000,19120
20251231T101100,46.000,46.000,46.000,46.000,15228
20251231T101200,46.000,46.000,46.000,46.000,10081
20251231T101300,46.000,46.000,46.000,46.000,7134
20251231T101400,46.000,46.000,46.000,46.000,12415
20251231T101500,46.000,46.000,46.000,46.000,4270
20251231T101600,46.000,46.000,46.000,46.000,6094
20251231T101700,46.000,46.000,46.000,46.000,6818
20251231T101800,46.000,46.000,46.000,46.000,15903
20251231T101900,46.000,46.000,46.000,46.000,6758
20251231T102000,46.000,46.000,46.000,46.000,11302
20251231T102100,46.000,46.000,46.000,46.000,2000
20251231T102200,46.000,46.000,46.000,46.000,4669
20251231T102300,46.000,46.000,46.000,46.000,11061
20251231T102400,46.000,46.000,46.000,46.000,8169
20251231T102500,46.000,46.000,46.000,46.000,7325
20251231T102600,46.000,46.000,46.000,46.000,1710
20251231T102700,46.000,46.000,46.000,46.000,3127
20251231T102800,46.000,46.000,46.000,46.000,6260
20251231T102900,46.000,46.000,46.000,46.000,17138
20251231T103000,46.000,46.000,46.000,46.000,15138
20251231T103100,46.000,46.000,46.000,46.000,16218
20251231T103200,46.000,47.000,46.000,47.000,16417
20251231T103300,47.000,47.000,47.000,47.000,10503
20251231T103400,47.000,47.000,47.000,47.000,18954
20251231T103500,47.000,47.000,47.000,47.000,12362
20251231T103600,47.000,47.000,47.000,47.000,3753
20251231T103700,47.000,47.000,47.000,47.000,7896
20251231T103800,47.000,47.000,47.000,47.000,11832
20251231T103900,47.000,47.000,47.000,47.000,6419
20251231T104000,47.000,47.000,47.000,47.000,19281
20251231T104100,47.000,47.000,47.000,47.000,5416
20251231T104200,47.000,47.000,47.000,47.000,6937
20251231T104300,47.000,47.000,47.000,47.000,6354
20251231T104400,47.000,47.000,46.000,46.000,2716
20251231T104500,46.000,47.000,46.000,47.000,12577
20251231T104600,47.000,47.000,47.000,47.000,1500
20251231T104700,46.000,47.000,46.000,47.000,7920
20251231T104800,47.000,47.000,47.000,47.000,3790
20251231T104900,47.000,47.000,47.000,47.000,6617
20251231T105000,47.000,47.000,47.000,47.000,5768
20251231T105100,47.000,47.000,47.000,47.000,1205
20251231T105200,47.000,47.000,47.000,47.000,3549
20251231T105300,47.000,47.000,47.000,47.000,11217
20251231T105400,47.000,47.000,47.000,47.000,6071
20251231T105500,47.000,47.000,46.000,47.000,11254
20251231T105600,47.000,47.000,47.000,47.000,3547
20251231T105700,47.000,47.000,47.000,47.000,1000
20251231T105800,47.000,47.000,47.000,47.000,1700
20251231T105900,47.000,47.000,47.000,47.000,7477
20251231T110000,47.000,47.000,47.000,47.000,1133
20251231T110100,47.000,47.000,47.000,47.000,3578
20251231T110200,47.000,47.000,47.000,47.000,7041
20251231T110300,47.000,47.000,47.000,47.000,7005
20251231T110400,47.000,47.000,47.000,47.000,1445
20251231T110500,47.000,47.000,47.000,47.000,2837
20251231T110600,47.000,47.000,47.000,47.000,2100
20251231T110700,47.000,47.000,47.000,47.000,1685
20251231T110800,47.000,47.000,46.000,47.000,3524
20251231T110900,47.000,47.000,47.000,47.000,3068
20251231T111000,47.000,47.000,47.000,47.000,3449
20251231T111100,47.000,47.000,47.000,47.000,7337
20251231T111200,47.000,47.000,47.000,47.000,1305
20251231T111300,47.000,47.000,47.000,47.000,1846
20251231T111400,47.000,47.000,47.000,47.000,11434
20251231T111500,47.000,47.000,47.000,47.000,200
20251231T111600,47.000,47.000,47.000,47.000,2413
20251231T111700,47.000,47.000,47.000,47.000,19056
20251231T111800,47.000,47.000,47.000,47.000,18289
20251231T111900,47.000,47.000,46.000,46.000,40389
20251231T112000,46.000,47.000,46.000,47.000,24148
20251231T112100,47.000,47.000,47.000,47.000,4253
20251231T112200,47.000,47.000,47.000,47.000,1085
20251231T112300,47.000,47.000,46.000,46.000,13921
20251231T112400,46.000,46.000,46.000,46.000,400
20251231T112500,46.000,46.000,46.000,46.000,8695
20251231T112600,46.000,47.000,46.000,46.000,15646
20251231T112700,46.000,46.000,46.000,46.000,200
20251231T112800,46.000,46.000,46.000,46.000,3128
20251231T112900,46.000,46.000,46.000,46.000,2712
20251231T113000,46.000,46.000,46.000,46.000,1800
20251231T130100,46.000,46.000,46.000,46.000,39822
20251231T130200,46.000,46.000,46.000,46.000,5859
20251231T130300,46.000,46.000,46.000,46.000,1886
20251231T130400,46.000,46.000,46.000,46.000,17919
20251231T130500,46.000,46.000,46.000,46.000,1738
20251231T130600,46.000,46.000,46.000,46.000,7100
20251231T130700,46.000,46.000,46.000,46.000,1881
20251231T130800,46.000,46.000,46.000,46.000,30685
20251231T130900,46.000,46.000,46.000,46.000,600
20251231T131000,46.000,46.000,46.000,46.000,908
20251231T131100,46.000,46.000,46.000,46.000,6273
20251231T131200,46.000,46.000,46.000,46.000,2968
20251231T131300,46.000,46.000,46.000,46.000,2118
20251231T131500,46.000,46.000,46.000,46.000,2400
20251231T131600,46.000,46.000,46.000,46.000,9584
20251231T131700,46.000,46.000,46.000,46.000,5129
20251231T131800,46.000,46.000,46.000,46.000,8047
20251231T131900,46.000,46.000,46.000,46.000,1101
20251231T132000,46.000,46.000,46.000,46.000,3169
20251231T132100,46.000,46.000,46.000,46.000,14377
20251231T132200,46.000,46.000,46.000,46.000,1600
20251231T132300,46.000,46.000,46.000,46.000,4149
20251231T132400,46.000,46.000,46.000,46.000,2409
20251231T132500,46.000,46.000,46.000,46.000,2570
20251231T132600,46.000,46.000,46.000,46.000,2951
20251231T132700,46.000,46.000,46.000,46.000,1900
20251231T132800,46.000,46.000,46.000,46.000,2587
20251231T132900,46.000,46.000,46.000,46.000,3303
20251231T133000,46.000,46.000,46.000,46.000,1389
20251231T133100,46.000,46.000,46.000,46.000,57978
20251231T133200,46.000,46.000,46.000,46.000,1187
20251231T133300,46.000,46.000,46.000,46.000,3860
20251231T133400,46.000,46.000,46.000,46.000,4222
20251231T133500,46.000,46.000,46.000,46.000,3605
20251231T133600,46.000,46.000,46.000,46.000,6686
20251231T133700,46.000,46.000,46.000,46.000,1949
20251231T133800,46.000,46.000,46.000,46.000,11283
20251231T133900,46.000,46.000,46.000,46.000,2308
20251231T134000,46.000,46.000,46.000,46.000,4471
20251231T134100,46.000,46.000,46.000,46.000,658
20251231T134200,46.000,46.000,46.000,46.000,5693
20251231T134300,46.000,46.000,46.000,46.000,35912
20251231T134400,46.000,46.000,46.000,46.000,1000
20251231T134500,46.000,46.000,46.000,46.000,2088
20251231T134600,46.000,46.000,46.000,46.000,5226
20251231T134700,46.000,46.000,46.000,46.000,2733
20251231T134800,46.000,46.000,46.000,46.000,2401
20251231T134900,46.000,46.000,46.000,46.000,606
20251231T135000,46.000,46.000,46.000,46.000,870
20251231T135100,46.000,46.000,46.000,46.000,110551
20251231T135200,46.000,46.000,46.000,46.000,13769
20251231T135300,46.000,46.000,46.000,46.000,875
20251231T135400,46.000,46.000,46.000,46.000,1273
20251231T135500,46.000,46.000,46.000,46.000,1300
20251231T135600,46.000,46.000,46.000,46.000,6467
20251231T135700,46.000,46.000,46.000,46.000,1030
20251231T135800,46.000,46.000,46.000,46.000,1334
20251231T135900,46.000,46.000,46.000,46.000,1236
20251231T140000,46.000,46.000,46.000,46.000,3029
20251231T140100,46.000,46.000,46.000,46.000,809
20251231T140200,46.000,46.000,46.000,46.000,4420
20251231T140300,46.000,46.000,46.000,46.000,1411
20251231T140400,46.000,46.000,46.000,46.000,7155
20251231T140500,46.000,46.000,46.000,46.000,7240
20251231T140600,46.000,46.000,46.000,46.000,3079
20251231T140700,46.000,46.000,46.000,46.000,4751
20251231T140800,46.000,46.000,46.000,46.000,2689
20251231T140900,46.000,46.000,46.000,46.000,3412
20251231T141000,46.000,46.000,46.000,46.000,1708
20251231T141100,46.000,46.000,46.000,46.000,14386
20251231T141200,46.000,46.000,46.000,46.000,4269
20251231T141300,46.000,46.000,46.000,46.000,4733
20251231T141400,46.000,46.000,46.000,46.000,7403
20251231T141500,46.000,46.000,46.000,46.000,1948
20251231T141600,46.000,46.000,46.000,46.000,15952
20251231T141700,46.000,46.000,46.000,46.000,200
20251231T141800,46.000,46.000,46.000,46.000,989
20251231T141900,46.000,46.000,46.000,46.000,5274
20251231T142000,46.000,46.000,46.000,46.000,2044
20251231T142100,46.000,46.000,46.000,46.000,8110
20251231T142200,46.000,46.000,46.000,46.000,3508
20251231T142300,46.000,46.000,46.000,46.000,1516
20251231T142400,46.000,46.000,46.000,46.000,3561
20251231T142500,46.000,46.000,46.000,46.000,5617
20251231T142600,46.000,46.000,46.000,46.000,4106
20251231T142700,46.000,46.000,46.000,46.000,760
20251231T142800,46.000,46.000,46.000,46.000,9663
20251231T142900,46.000,46.000,46.000,46.000,1932
20251231T143000,46.000,46.000,46.000,46.000,4126
20251231T143100,46.000,46.000,46.000,46.000,8552
20251231T143200,46.000,46.000,46.000,46.000,3440
20251231T143300,46.000,46.000,46.000,46.000,4088
20251231T143400,46.000,46.000,46.000,46.000,2800
20251231T143500,46.000,46.000,46.000,46.000,425
20251231T143600,46.000,46.000,46.000,46.000,2440
20251231T143700,46.000,46.000,46.000,46.000,2500
20251231T143800,46.000,46.000,46.000,46.000,4268
20251231T143900,46.000,46.000,46.000,46.000,8104
20251231T144000,46.000,46.000,46.000,46.000,10454
20251231T144100,46.000,46.000,46.000,46.000,5452
20251231T144200,46.000,46.000,46.000,46.000,15162
20251231T144300,46.000,47.000,46.000,46.000,18554
20251231T144400,46.000,46.000,46.000,46.000,12550
20251231T144500,46.000,46.000,46.000,46.000,11048
20251231T144600,46.000,46.000,46.000,46.000,10919
20251231T144700,46.000,46.000,46.000,46.000,2216
20251231T144800,46.000,46.000,46.000,46.000,5703
20251231T144900,46.000,46.000,46.000,46.000,10715
20251231T145000,46.000,46.000,46.000,46.000,10684
20251231T145100,46.000,46.000,46.000,46.000,13377
20251231T145200,46.000,46.000,46.000,46.000,7233
20251231T145300,46.000,46.000,46.000,46.000,9454
20251231T145400,46.000,46.000,46.000,46.000,5592
20251231T145500,46.000,46.000,46.000,46.000,6439
20251231T145600,46.000,46.000,46.000,46.000,18154
20251231T145700,46.000,46.000,46.000,46.000,9611
20251231T145800,46.000,46.000,46.000,46.000,3000
20251231T150000,47.000,47.000,47.000,47.000,103442
